title,number,created_at,closed_at,labels,state
Issue 1203 - Botões de ação dependentes do status do coletor,1335,2022-01-26 23:34:39,,usabilidade,open
Coleta de Licitações - Ouro Verde de Minas,1306,2022-01-21 13:04:55,,Realização F01 Coleta,open
Coleta de Licitações - Ataléia,1305,2022-01-21 13:03:59,,Realização F01 Coleta,open
Coleta de Licitações - Caraí,1304,2022-01-21 13:03:07,,Realização F01 Coleta,open
Coleta de Licitações - São Sebastião do Maranhão,1303,2022-01-21 13:02:26,,Realização F01 Coleta,open
Coleta de Licitações - Itabirinha,1302,2022-01-21 13:01:43,,Realização F01 Coleta,open
Coleta de Licitações - Periquito,1301,2022-01-21 13:00:55,,Realização F01 Coleta,open
Coleta de Licitações - Machacalis,1300,2022-01-21 12:59:25,,Realização F01 Coleta,open
Coleta de Licitações - Coroaci,1299,2022-01-21 12:58:41,,Realização F01 Coleta,open
Coleta de Licitações - Cuparaque,1298,2022-01-21 12:57:57,,Realização F01 Coleta,open
Coleta de Licitações - Bertópolis,1297,2022-01-21 12:57:16,,Realização F01 Coleta,open
Coleta de Licitações - Sardoá,1296,2022-01-21 12:56:19,,Realização F01 Coleta,open
Coleta de Licitações - Chapada do Norte,1295,2022-01-21 12:55:37,,Realização F01 Coleta,open
Coleta de Licitações - Fronteira dos Vales,1294,2022-01-21 12:54:48,,Realização F01 Coleta,open
Coleta de Licitações - Frei Gaspar,1293,2022-01-21 12:53:51,,Realização F01 Coleta,open
Coleta de Licitações - Novo Oriente de Minas,1292,2022-01-21 12:53:06,,Realização F01 Coleta,open
Adicionar cobertura de testes e melhorar CI,1291,2022-01-20 16:19:48,,,open
Coleta de Licitação - Água Comprida,1290,2022-01-18 14:26:09,,Realização F01 Coleta,open
Coleta de Licitação - Estrela do Sul,1289,2022-01-18 14:26:08,,Realização F01 Coleta,open
Coleta de Licitação - Campo Florido,1288,2022-01-18 14:26:06,,Realização F01 Coleta,open
Coleta de Licitação - Pratinha,1287,2022-01-18 14:26:05,,Realização F01 Coleta,open
Coleta de Licitação - Centralina,1286,2022-01-18 14:26:04,,Realização F01 Coleta,open
Coleta de Licitação - Tiros,1285,2022-01-18 14:26:02,,Realização F01 Coleta,open
Coleta de Licitação - Veríssimo,1284,2022-01-18 14:26:00,,Realização F01 Coleta,open
Coleta de Licitação - Tupaciguara,1283,2022-01-18 14:25:59,,Realização F01 Coleta,open
Coleta de Licitação - São Gotardo,1282,2022-01-18 14:25:57,,Realização F01 Coleta,open
Coleta de Licitação - Cascalho Rico,1281,2022-01-18 14:25:55,,Realização F01 Coleta,open
Coleta de Licitação - Rio Paranaíba,1280,2022-01-18 14:25:54,,Realização F01 Coleta,open
Coleta de Licitação - Carmo do Paranaíba,1279,2022-01-18 14:25:53,,Realização F01 Coleta,open
Coleta de Licitação - Araxá,1278,2022-01-18 14:25:51,,Realização F01 Coleta,open
Coleta de Licitação - Patos de Minas,1277,2022-01-18 14:25:48,,Realização F01 Coleta,open
Coleta de Licitação - Perdizes,1276,2022-01-18 14:25:47,,Realização F01 Coleta,open
Coleta de Licitação - Pedrinópolis,1275,2022-01-18 14:25:46,,Realização F01 Coleta,open
Coleta de Licitação - Iturama,1274,2022-01-18 14:25:44,,Realização F01 Coleta,open
Coleta de Licitação - Nova Ponte,1273,2022-01-18 14:25:43,,Realização F01 Coleta,open
Coleta de Licitação - Conceição das Alagoas,1272,2022-01-18 14:25:42,,Realização F01 Coleta,open
Issue 823 - Adiciona extração de tabelas de iframes,1246,2022-01-13 18:25:30,,,open
Problemas ao deletar parâmetros opcionais,1245,2022-01-12 22:37:37,,bug,open
Atualiza a branch do sistema distribuído com os novos recursos da branch master,1231,2022-01-11 18:40:09,,,open
Montagem de URLs no processamento dinâmico,1207,2022-01-10 19:51:24,,Crawler [B] Nova Guia,open
Erro na primeira execução de um coletor,1205,2022-01-10 19:31:26,,bug,open
Botões da listagem de coletores ficam ativos quando não deveriam,1203,2022-01-07 13:00:21,,usabilidade,open
Coleta de licitações - Madre de Deus de Minas,1164,2022-01-05 15:13:52,,Realização F01 Coleta,open
Coleta de Licitações de Tapiraí ,1151,2022-01-05 13:25:11,,Realização F01 Coleta,open
Coleta de Licitações de Santo Antônio do Grama,1150,2022-01-05 13:21:49,,Realização F01 Coleta,open
Coleta de Licitações de Poços de Caldas,1149,2022-01-05 13:19:50,,Realização F01 Coleta,open
Coleta de Licitações de Passa Tempo,1148,2022-01-05 13:18:44,,Realização F01 Coleta,open
Coleta de Licitações de Pará de Minas,1147,2022-01-05 13:17:17,,Realização F01 Coleta,open
Coleta de Licitações de Nova Era,1146,2022-01-05 13:15:47,,Realização F01 Coleta,open
Coleta de Licitações de João Monlevade,1145,2022-01-05 13:14:02,,Realização F01 Coleta,open
Coleta de Licitações de Itabirito,1144,2022-01-05 13:11:27,,Realização F01 Coleta,open
Coleta de Licitações de Cruzeiro da Fortaleza,1141,2022-01-05 12:58:23,,Realização F01 Coleta,open
Issue 1060 - Refatoração do passo condicional 'Se' ,1122,2021-12-17 11:55:12,,,open
Coleta de Licitações - Guaraciama,1117,2021-12-16 23:43:04,,,open
Coleta de licitações - Passa Vinte,1103,2021-12-15 23:56:04,,Realização F01 Coleta,open
Coleta de Licitações de São José da Barra de 2021 até 2017 (Outro Template),1089,2021-12-14 13:40:23,,Realização F01 Coleta,open
Coleta de Licitações de São José da Barra de 2016 até 2012 (Outro Template),1088,2021-12-14 13:39:32,,Realização F01 Coleta,open
Coleta de Licitações de Paraguaçu de 2021 até 2017,1073,2021-12-14 13:17:30,,Realização F01 Coleta,open
Coleta de Licitações de Paraguaçu de 2016 até 2012,1072,2021-12-14 13:16:31,,Realização F01 Coleta,open
Issue 735 - Adiciona informações de requisição nas file descriptions,1041,2021-12-08 17:55:07,,,open
Coleta de dados de Relatórios Fiscais de Paracatu,958,2021-11-25 02:03:56,,externa Realização F01 Coleta,open
Coleta de dados das Contas Públicas de Paracatu,955,2021-11-25 01:53:30,,externa Realização F01 Coleta,open
Coleta de Licitações de Campo do Meio de 2016 até 2012 (Outro Template) ,937,2021-11-22 23:45:00,,Realização F01 Coleta,open
Coleta de Licitações de Campo do Meio de 2021 até 2017 (Outro Template) ,936,2021-11-22 23:44:13,,Realização F01 Coleta,open
Coleta de Licitações de Barbacena de 2016 até 2012 (Outro Template) ,933,2021-11-22 23:40:02,,Realização F01 Coleta,open
Coleta de Licitações de Barbacena de 2021 até 2017 (Outro Template),932,2021-11-22 23:38:39,,Realização F01 Coleta,open
Coleta de dados das licitações do portal de transparência de Uberlândia/MG,912,2021-11-16 19:38:24,,M03 Coleta,open
Coleta de dados das licitações do portal de transparência de Belo Horizonte/MG,911,2021-11-16 19:33:07,,M03 Coleta,open
Coleta de Licitações de Elói Mendes,901,2021-11-12 13:10:46,,externa Realização F01 Coleta,open
Coleta de Licitações de Divino,887,2021-11-09 14:35:56,,Realização F01 Coleta,open
Coleta de Licitações de Varginha,885,2021-11-09 00:41:16,,Realização F01 Coleta,open
Coleta de dados de Leis Orçamentárias de Juiz de Fora,866,2021-11-01 14:35:19,,externa Realização F01 Coleta,open
Coleta reclame aqui,842,2021-10-25 18:36:36,,Coleta,open
Coleta consumidor.gov.br,841,2021-10-25 18:26:58,,Coleta,open
Coleta de dados de Relatórios Estatísticos de Betim,836,2021-10-22 15:36:20,,externa Realização F01 Coleta,open
Coleta de dados de Relatórios Estatísticos de Ipatinga,835,2021-10-22 15:32:52,,externa Realização F01 Coleta,open
Coleta de dados de Relatórios Estatísticos de Governador Valadares,834,2021-10-22 15:30:30,,externa Realização F01 Coleta,open
Coleta de dados de Relatórios Estatísticos de Juiz de Fora,833,2021-10-22 15:26:14,,externa Realização F01 Coleta,open
Coleta de dados de Relatórios Estatísticos de Passos,831,2021-10-22 14:46:31,,externa Realização F01 Coleta,open
Coleta de dados de Relatórios Estatísticos de Varginha,830,2021-10-22 14:40:22,,externa Realização F01 Coleta,open
Coleta de dados Relatórios Estatísticos de Uberaba,826,2021-10-22 14:16:40,,externa Realização F01 Coleta,open
 Coleta de dados de Despesas de Juiz de Fora,795,2021-10-09 00:32:25,,externa Realização F01 Coleta,open
 Coleta de dados sobre os pagamentos de Uberaba,792,2021-10-08 23:12:14,,externa Realização F01 Coleta,open
Coleta de dados de despesa por ação de Pará de Minas,791,2021-10-08 23:03:01,,externa Realização F01 Coleta,open
 Coleta de dados dos empenhos de Montes Claros ,788,2021-10-08 15:37:10,,externa Realização F01 Coleta,open
Coleta geral do portal de transparência de Teófilo Otoni,752,2021-09-17 14:42:34,,externa Realização F01 Coleta,open
Especificação de coleta geral do portal de transparência de Passos.,684,2021-08-02 13:25:56,,Alta externa Realização F01 Coleta,open
Coleta de dados das licitações do portal de transparência de Ipatinga,676,2021-07-28 16:29:45,,M03 Alta externa Coleta,open
Coleta de dados das licitações do portal de transparência de Governador Valadares,668,2021-07-27 17:57:25,,M03 Alta externa Coleta,open
Coleta das Leis Orçamentárias de Paracatu,664,2021-07-26 13:17:36,,externa Realização F01 Coleta,open
 Coleta de dados de RGF e RREO da prefeitura de Paracatu.,663,2021-07-26 13:16:32,,externa Realização F01 Coleta,open
Coleta das informações de Despesa de Passos.,651,2021-07-22 14:11:35,,externa Realização F01 Coleta,open
Coleta da dados de Relatórios de Execução e Gestao Fiscal de Teófilo Otoni,650,2021-07-22 13:41:18,,externa Realização F01 Coleta,open
Coleta de dados das Leis Orçamentárias e Leis de Responsabilidade Fiscal de Pouso Alegre. ,649,2021-07-22 13:01:18,,externa Realização F01 Coleta,open
 Coleta de dados dos Relatórios de Contas Públicas do portal de transparência de Ipatinga.,647,2021-07-22 12:52:56,,externa Realização F01 Coleta,open
Coleta de dados de licitações de Paracatu,644,2021-07-21 16:47:03,,Alta externa [B] Download Dinâmico Realização F01 Coleta,open
Coleta de dados das Leis de Responsabilidade Fiscal de Pará de Minas. ,641,2021-07-21 13:43:02,,externa Realização F01 Coleta,open
Coleta de dados de empenhos de Pará de Minas. ,640,2021-07-21 13:32:23,,externa Realização F01 Coleta,open
Coleta de dados de despesa do portal de transparência de Varginha.,638,2021-07-21 13:14:45,,externa Realização F01 Coleta,open
Coleta de dados de Leis Orçamentárias de Divinópolis,637,2021-07-21 13:05:40,,externa Realização F01 Coleta,open
 Coleta de dados das licitações do portal de transparência de Varginha ,635,2021-07-20 18:12:04,,Alta externa Realização F01 Coleta,open
Coleta de dados dos Processos Licitatórios de Divinópolis,633,2021-07-20 14:44:02,,Alta externa Realização F01 Coleta,open
Coleta de dados de Dispensa e Inexigibilidade de Pará de Minas,629,2021-07-20 13:48:43,,externa Realização F01 Coleta,open
Coleta de dados de Licitações de Pará de Minas,628,2021-07-20 13:23:51,,Alta externa Coleta,open
Coleta de dados de Licitações de Uberaba,624,2021-07-19 16:10:29,,Alta externa Realização F01 Coleta,open
Coleta de dados de Obras de Uberaba,623,2021-07-19 14:47:23,,externa Realização F01 Coleta,open
Coleta de dados de legislação municipal de Uberaba.,614,2021-07-19 13:21:15,,externa Realização F01 Coleta,open
Coleta de dados de RGF e RREO da prefeitura de Uberaba.,613,2021-07-19 12:59:35,,externa Realização F01 Coleta,open
Coleta de dados de servidores do portal de transparência de Juiz de Fora.,612,2021-07-16 12:08:58,,externa Realização F01 Coleta,open
 Coleta de dados sobre os empenhos de Uberaba ,607,2021-07-15 21:11:01,,externa Realização F01 Coleta,open
Coleta dos dados de Prestação de contas de Uberaba,606,2021-07-15 14:39:40,,externa Realização F01 Coleta,open
Coleta de dados de leis orçamentárias de Uberaba.,605,2021-07-15 14:37:48,,externa Realização F01 Coleta,open
Coleta de dados sobre liquidações de Uberaba ,604,2021-07-15 14:28:35,,externa Realização F01 Coleta,open
Coleta de dados de Receitas de Uberaba,603,2021-07-15 14:19:16,,externa Realização F01 Coleta,open
 Coleta de dados sobre concursos de Uberaba ,602,2021-07-15 13:56:37,,externa Realização F01 Coleta,open
Coleta de dados de Convênios de Uberaba,601,2021-07-15 13:52:30,,externa Realização F01 Coleta,open
Coleta de dados abertos de Montes Claros,598,2021-07-15 12:31:52,,externa Realização F01 Coleta,open
Coleta de dados sobre servidores de Montes Claros ,597,2021-07-14 15:22:46,,externa Realização F01 Coleta,open
Coleta de dados dos Relatórios de Gestão Fiscal e execução orçamentária de Montes Claros ,596,2021-07-14 15:06:18,,externa Realização F01 Coleta,open
Coleta dos Relatórios de Despesas (e Receitas) de Montes Claros,595,2021-07-14 15:03:21,,externa Realização F01 Coleta,open
Coleta de dados das Informações sobre despesas de Montes Claros ,594,2021-07-14 14:35:42,,externa Realização F01 Coleta,open
Coleta dos Relatórios Fiscais (SIACE/LRF) de 2017 de Montes Claros,593,2021-07-14 14:17:34,,externa Realização F01 Coleta,open
Coleta de dados das Informações sobre obras de Montes Claros ,592,2021-07-14 14:15:17,,externa Realização F01 Coleta,open
Coleta dos dados da Execução Orçamentária de Montes Claros,591,2021-07-14 13:59:03,,externa Realização F01 Coleta,open
Coleta de dados de Recursos Recebidos e Transferidos de Montes Claros,590,2021-07-14 13:44:52,,externa Realização F01 Coleta,open
Coleta de dado de diárias do portal de transparência de Montes Claros.,588,2021-07-14 13:32:09,,externa Realização F01 Coleta,open
Coleta de dados das Informações sobre contratos de Montes Claros ,587,2021-07-14 13:01:55,,externa Realização F01 Coleta,open
Coleta de dados de receita de Montes Claros,586,2021-07-14 13:00:35,,externa Realização F01 Coleta,open
Coleta de dados de informações institucionais de Montes Claros,585,2021-07-14 12:28:30,,externa Realização F01 Coleta,open
Coleta de dados de leis orçamentárias de Montes Claros.,584,2021-07-14 12:13:50,,externa Realização F01 Coleta,open
Coleta de dados sobre Despesas Públicas de Betim,581,2021-07-13 14:31:02,,externa Realização F01 Coleta,open
Coleta de dados sobre os servidores de Betim ,580,2021-07-13 13:49:35,,externa Realização F01 Coleta,open
Coleta de dados das Diárias de Betim ,575,2021-07-13 13:01:23,,externa Realização F01 Coleta,open
 Coleta de dados dos concursos do portal de transparência de Betim ,573,2021-07-12 14:00:12,,Realização F01 Coleta,open
 Coleta de dados dos convênios de Betim ,572,2021-07-12 13:36:18,,externa Realização F01 Coleta,open
Coleta de dados de relatórios de execução orçamentária e gestão fiscal do portal de transparência da prefeitura de Betim.,571,2021-07-12 13:17:36,,externa Realização F01 Coleta,open
Coleta de dados das receitas do portal de transparência de Betim,569,2021-07-12 12:48:45,,externa Coleta,open
Coleta de dados de estrutura organizacional de Juiz de Fora,568,2021-07-12 12:18:27,,externa Realização F01 Coleta,open
Coleta de dados de obras do portal de transparência de Juiz de Fora.,567,2021-07-12 12:08:22,,externa Realização F01 Coleta,open
Coleta geral do portal de transparência de Juiz de Fora.,566,2021-07-12 11:57:26,,externa Realização F01 Coleta,open
Coleta de dados abertos do portal de transparência de Juiz de Fora,563,2021-07-09 14:33:08,,externa Realização F01 Coleta,open
Coleta de dados dos Recursos do portal de transparência de Juiz de Fora,562,2021-07-09 14:28:46,,externa Realização F01 Coleta,open
Coleta de dados de Convênios e aditivos do portal de transparência de Juiz de Fora,560,2021-07-08 14:39:34,,externa Realização F01 Coleta,open
Coleta de dados de Relatórios de Prestação de Contas do portal de transparência de Juiz de Fora.,559,2021-07-08 14:09:15,,externa Realização F01 Coleta,open
 Coleta de dados das leis orçamentárias do portal de transparência de Juiz de Fora. ,558,2021-07-08 13:53:50,,externa Realização F01 Coleta,open
Coleta de dados de contratos do portal de transparência de Juiz de Fora.,556,2021-07-08 12:34:45,,externa Realização F01 Coleta,open
Coleta de dados de Receitas de Juiz de Fora,555,2021-07-08 12:23:56,,externa Realização F01 Coleta,open
Coleta de dados de Receitas do portal de transparência de Uberlândia.,554,2021-07-08 00:02:49,,externa Realização F01 Coleta,open
Coleta de dados do Terceiro Setor do portal de transparência de Uberlândia.,541,2021-07-06 15:12:40,,externa [B] Iframe Coleta,open
Coleta de dados de Licitações e Contratos do portal de transparência da prefeitura de Uberlândia.,538,2021-07-06 14:22:30,,externa [B] Iframe Coleta,open
Coleta de dados de despesas do portal de transparência da prefeitura de Uberlândia.,537,2021-07-06 13:47:58,,externa [B] Iframe Realização F01 Coleta,open
Coleta de dados dos convênios da prefeitura de Uberlândia. ,536,2021-07-06 13:47:57,,externa Realização F01 Coleta,open
Coleta de dados de servidores do portal de transparência da prefeitura de Uberlândia.,535,2021-07-06 13:11:22,,externa [B] Iframe Coleta,open
Coleta de dados das legislações da prefeitura de Governador Valadares.,504,2021-06-08 13:19:57,,externa Realização F01 Coleta,open
Coleta de dados dos contratos da prefeitura de Governador Valadares.,499,2021-06-02 13:27:12,,externa Realização F01 Coleta,open
Coleta de dados dos pagamentos de despesas da prefeitura de Governador Valadares.,488,2021-06-01 14:39:06,,externa Realização F01 Coleta,open
Nova coleta de documentos de licitações do município de Olaria/MG,486,2021-05-31 18:48:51,,externa sprint-106 sprint-107 Coleta,open
Coleta de Licitação - Itapecerica,1334,2022-01-25 13:46:01,2022-01-26 13:19:53,Realização F01 Coleta unavailable,closed
Coleta de Licitação - Consolação,1333,2022-01-25 13:46:00,2022-01-26 13:19:13,Realização F01 Coleta unavailable,closed
Coleta de Licitação - Piranguçu,1332,2022-01-25 13:45:56,2022-01-25 13:47:03,Realização F01 Coleta,closed
Coleta de Licitação - Wenceslau Braz,1331,2022-01-25 13:45:55,2022-01-25 13:47:03,Realização F01 Coleta,closed
Coleta de Licitação - Dom Silvério,1330,2022-01-25 13:45:54,2022-01-25 13:47:02,Realização F01 Coleta,closed
Coleta de Licitação - Biquinhas,1329,2022-01-25 13:45:53,2022-01-25 13:47:02,Realização F01 Coleta,closed
Coleta de Licitação - Abaeté,1328,2022-01-25 13:45:51,2022-01-25 13:47:02,Realização F01 Coleta,closed
Coleta de Licitação - Piranguçu,1327,2022-01-25 13:38:31,2022-01-26 13:19:02,Realização F01 Coleta unavailable,closed
Coleta de Licitação - Wenceslau Braz,1326,2022-01-25 13:38:29,2022-01-26 13:17:38,Realização F01 Coleta unavailable,closed
Coleta de Licitação - Dom Silvério,1325,2022-01-25 13:38:28,2022-01-26 13:16:42,Realização F01 Coleta unavailable,closed
Coleta de Licitação - Biquinhas,1324,2022-01-25 13:38:27,2022-01-26 13:16:12,Realização F01 Coleta unavailable,closed
Coleta de Licitação - Abaeté,1323,2022-01-25 13:38:25,2022-01-26 13:15:20,Realização F01 Coleta unavailable,closed
Coleta de Licitação - Taquaraçu de Minas,1322,2022-01-25 13:38:23,2022-01-26 13:15:01,Realização F01 Coleta unavailable,closed
Coleta de Licitação - Brazópolis,1321,2022-01-25 13:38:22,2022-01-26 13:13:32,Realização F01 Coleta unavailable,closed
Coleta de Licitação - Silvianópolis,1320,2022-01-25 13:38:20,2022-01-26 13:12:31,Realização F01 Coleta unavailable,closed
Coleta de Licitação - Paineiras,1319,2022-01-25 13:38:19,2022-01-26 13:11:24,Realização F01 Coleta unavailable,closed
Coleta de Licitação - Pedralva,1318,2022-01-25 13:38:18,2022-01-26 13:09:21,Realização F01 Coleta unavailable,closed
Coleta de Licitação - Serro,1317,2022-01-25 13:38:16,2022-01-26 13:08:50,Realização F01 Coleta unavailable,closed
Coleta de Licitação - Cedro do Abaeté,1316,2022-01-25 13:38:15,2022-01-26 13:08:05,Realização F01 Coleta unavailable,closed
Coleta de Licitação - Bom Jesus do Amparo,1315,2022-01-25 13:38:13,2022-01-26 13:07:03,Realização F01 Coleta unavailable,closed
Coleta de Licitação - São Pedro do Suaçuí,1314,2022-01-25 13:38:12,2022-01-26 13:05:14,Realização F01 Coleta unavailable,closed
Coleta de Licitação - Piranguinho,1313,2022-01-25 13:38:11,2022-01-26 13:04:22,Realização F01 Coleta unavailable,closed
Coleta de Licitação - São João da Mata,1312,2022-01-25 13:38:09,2022-01-26 13:03:13,Realização F01 Coleta unavailable,closed
Coleta de Licitação - Marmelópolis,1311,2022-01-25 13:38:08,2022-01-26 13:02:16,Realização F01 Coleta unavailable,closed
Coleta de Licitação - Nova União,1310,2022-01-25 13:38:07,2022-01-26 13:00:55,Realização F01 Coleta unavailable,closed
Coleta de Licitação - Arinos,1309,2022-01-25 13:38:05,2022-01-26 12:59:32,Realização F01 Coleta unavailable,closed
Coleta de Licitação - Buritis,1308,2022-01-25 13:38:04,2022-01-26 12:58:13,Realização F01 Coleta unavailable,closed
Coleta de Licitações - Itacarambi,1271,2022-01-17 13:58:50,2022-01-24 18:27:29,Realização F01 Coleta,closed
Coleta de licitações - Montezuma,1270,2022-01-17 13:57:17,2022-01-24 18:27:26,Realização F01 Coleta,closed
Coleta de Licitação - Piedade do Rio Grande,1269,2022-01-15 21:01:32,2022-01-20 14:51:36,Realização F01 Coleta,closed
Coleta de Licitação - Lagoa Dourada,1268,2022-01-15 21:01:31,2022-01-20 14:51:33,Realização F01 Coleta,closed
Coleta de Licitação - Conceição dos Ouros,1267,2022-01-15 21:01:30,2022-01-20 16:09:13,Realização F01 Coleta,closed
Coleta de Licitação - Ervália,1266,2022-01-15 20:33:33,2022-01-20 14:51:34,Realização F01 Coleta,closed
Coleta de Licitação - Resende Costa,1265,2022-01-15 20:33:31,2022-01-20 16:09:14,Realização F01 Coleta,closed
Coleta de Licitação - Ritápolis,1264,2022-01-15 20:33:30,2022-01-20 16:11:46,Realização F01 Coleta,closed
Coleta de Licitação - Silveirânia,1263,2022-01-15 20:33:29,2022-01-20 22:50:40,Realização F01 Coleta,closed
Coleta de Licitação - São Geraldo,1262,2022-01-15 20:33:27,2022-01-20 22:50:38,Realização F01 Coleta,closed
Coleta de Licitação - Santana do Jacaré,1261,2022-01-15 20:33:26,2022-01-20 16:11:43,Realização F01 Coleta,closed
Coleta de Licitação - Belo Vale,1260,2022-01-15 20:33:25,2022-01-20 22:50:34,Realização F01 Coleta,closed
Coleta de Licitação - São Tiago,1259,2022-01-15 20:33:24,2022-01-20 22:50:33,Realização F01 Coleta,closed
Coleta de Licitação - Ingaí,1258,2022-01-15 20:33:23,2022-01-20 22:50:31,Realização F01 Coleta,closed
Coleta de Licitação - Alfredo Vasconcelos,1257,2022-01-15 20:33:21,2022-01-20 22:50:19,Realização F01 Coleta,closed
Coleta de Licitação - Antônio Carlos,1256,2022-01-15 20:33:20,2022-01-20 22:50:23,Realização F01 Coleta,closed
Coleta de Licitação - Prados,1255,2022-01-15 20:33:19,2022-01-20 22:50:20,Realização F01 Coleta,closed
Coleta de Licitação - São João del Rei,1254,2022-01-15 20:33:18,2022-01-20 16:09:15,Realização F01 Coleta,closed
Coleta de Licitação - Santa Cruz de Minas,1253,2022-01-15 20:33:15,2022-01-20 22:50:22,Realização F01 Coleta,closed
Coleta de Licitação - Ibituruna,1252,2022-01-15 20:33:14,2022-01-20 22:50:25,Realização F01 Coleta,closed
Coleta de Licitação - Queluzito,1251,2022-01-15 20:33:13,2022-01-20 22:50:44,Realização F01 Coleta,closed
Coleta de Licitação - Descoberto,1250,2022-01-15 20:33:11,2022-01-20 22:50:25,Realização F01 Coleta,closed
Coleta de Licitação - Jeceaba,1249,2022-01-15 20:33:10,2022-01-20 22:50:17,Realização F01 Coleta,closed
Coleta de Licitação - Rio Acima,1248,2022-01-15 20:33:09,2022-01-20 22:50:27,Realização F01 Coleta,closed
Coleta de Licitação - Carrancas,1247,2022-01-15 20:33:08,2022-01-20 22:50:30,Realização F01 Coleta,closed
Coleta de Licitações - São João do Pacuí,1244,2022-01-12 19:36:44,2022-01-24 18:27:21,Realização F01 Coleta,closed
Coleta de Licitações - Santo Antônio do Retiro,1243,2022-01-12 19:33:35,2022-01-24 18:27:20,Realização F01 Coleta,closed
Coleta de Licitações - Veredinha,1242,2022-01-12 19:26:32,2022-01-24 18:27:12,Realização F01 Coleta,closed
Coleta de Licitações - Jenipapo de Minas,1241,2022-01-12 19:23:01,2022-01-24 18:27:10,Realização F01 Coleta,closed
Coleta de Licitações - Santana do Riacho,1240,2022-01-12 19:20:21,2022-01-24 18:27:02,Realização F01 Coleta,closed
Coleta de Licitações - Padre Carvalho,1239,2022-01-12 19:12:37,2022-01-24 18:27:00,Realização F01 Coleta,closed
Coleta de licitações - Aiuruoca,1238,2022-01-12 13:23:46,2022-01-20 22:50:41,Realização F01 Coleta,closed
Coleta de licitações - Guarará,1237,2022-01-12 13:19:55,2022-01-20 22:50:43,Realização F01 Coleta,closed
Coleta de licitações - Fervedouro,1236,2022-01-12 13:17:13,2022-01-13 22:51:52,Realização F01 Coleta,closed
Coleta de licitações - São Lourenço,1235,2022-01-12 13:13:48,2022-01-13 22:57:03,Realização F01 Coleta,closed
Coleta de licitações - Guarani,1234,2022-01-12 13:10:25,2022-01-13 22:57:00,Realização F01 Coleta,closed
Coleta de licitações - Ewbank da Câmara,1233,2022-01-12 13:07:54,2022-01-13 22:57:05,Realização F01 Coleta,closed
Coleta de licitações - Maripá de Minas,1232,2022-01-12 12:59:34,2022-01-13 22:57:08,Realização F01 Coleta,closed
Issue 1209 - Desabilita o interceptador de requisições no Pyppeteer ,1230,2022-01-11 17:15:53,2022-01-13 13:37:31,,closed
Coleta de Licitações de Itutinga,1229,2022-01-11 16:13:54,2022-01-20 22:50:14,Realização F01 Coleta,closed
Coleta de Licitações de Visconde do Rio Branco,1228,2022-01-11 16:10:01,2022-01-20 22:50:08,Realização F01 Coleta,closed
Coleta de Licitações de Tiradentes,1227,2022-01-11 16:09:05,2022-01-20 22:50:05,Realização F01 Coleta,closed
Coleta de Licitações de Itumirim,1226,2022-01-11 16:08:04,2022-01-20 22:50:02,Realização F01 Coleta,closed
Coleta de Licitações de Ressaquinha,1225,2022-01-11 16:05:43,2022-01-20 22:50:04,Realização F01 Coleta,closed
Coleta de Licitações de Santa Bárbara do Tugúrio,1224,2022-01-11 15:18:15,2022-01-20 22:50:12,Realização F01 Coleta,closed
Coleta de Licitações de Carandaí ,1223,2022-01-11 15:16:36,2022-01-20 22:50:13,Realização F01 Coleta,closed
Coleta de Licitações de São Vicente de Minas,1222,2022-01-11 15:11:49,2022-01-20 22:50:18,Realização F01 Coleta,closed
Coleta de Licitações de Coronel Xavier Chaves ,1221,2022-01-11 15:05:22,2022-01-20 22:50:11,Realização F01 Coleta,closed
Coleta de Licitações de Conceição da Barra de Minas,1220,2022-01-11 14:57:27,2022-01-20 22:49:58,Realização F01 Coleta,closed
Coleta de Licitações de  Santana dos Montes,1219,2022-01-11 14:53:38,2022-01-20 22:49:59,Realização F01 Coleta,closed
Coleta de Licitações de Entre Rios de Minas,1218,2022-01-11 14:51:16,2022-01-20 22:50:07,Realização F01 Coleta,closed
Coleta de Licitações de Nazareno ,1217,2022-01-11 14:46:18,2022-01-20 22:50:03,Realização F01 Coleta,closed
Coleta de Licitações de São Brás do Suaçuí,1216,2022-01-11 14:43:58,2022-01-20 22:50:00,Realização F01 Coleta,closed
Coleta de Licitações de Careaçu,1215,2022-01-11 14:42:12,2022-01-20 22:49:55,Realização F01 Coleta,closed
Coleta de Licitações de Dores de Campos,1214,2022-01-11 14:40:24,2022-01-20 22:49:54,Realização F01 Coleta,closed
Coleta de Licitações de Catas Altas da Noruega,1213,2022-01-11 14:28:08,2022-01-20 22:49:53,Realização F01 Coleta,closed
Coleta de Licitações de Luminárias ,1212,2022-01-11 14:20:18,2022-01-20 22:49:51,Realização F01 Coleta,closed
Coleta de Licitações de Casa Grande,1211,2022-01-11 14:17:35,2022-01-20 22:49:56,Realização F01 Coleta,closed
Coleta de Licitações de Barroso,1210,2022-01-11 14:15:40,2022-01-20 22:49:48,Realização F01 Coleta,closed
Tratamento do interceptador de requisições no midleware do Pyppeteer,1209,2022-01-11 12:59:20,2022-01-13 15:16:00,,closed
Coleta de Licitações - Brasília de Minas,1208,2022-01-11 10:50:27,2022-01-24 18:31:19,Realização F01 Coleta,closed
Coleta de Licitações - Mata Verde,1204,2022-01-10 16:10:43,2022-01-24 18:26:55,Realização F01 Coleta,closed
Coleta de Licitações - Santa Cruz de Salinas,1202,2022-01-06 13:16:57,2022-01-24 18:26:43,Realização F01 Coleta,closed
Coleta de Licitações - Pedra Azul,1201,2022-01-06 13:04:46,2022-01-21 00:03:33,Realização F01 Coleta,closed
Coleta de Licitações - Mato Verde,1200,2022-01-06 13:01:05,2022-01-21 00:03:30,Realização F01 Coleta,closed
Coleta de Licitações - Couto de Magalhães de Minas,1199,2022-01-06 12:46:46,2022-01-21 00:03:26,Realização F01 Coleta,closed
Coleta de Licitações - Miravânia,1198,2022-01-06 12:37:56,2022-01-21 00:03:22,Realização F01 Coleta,closed
Coleta de Licitações - Monte Azul,1197,2022-01-06 12:33:32,2022-01-21 00:03:17,Realização F01 Coleta,closed
Coleta de licitações - Teixeiras,1196,2022-01-05 16:02:33,2022-01-13 22:57:10,Realização F01 Coleta,closed
Coleta de licitações - Lima Duarte,1195,2022-01-05 16:01:52,2022-01-13 22:57:15,Realização F01 Coleta,closed
Coleta de licitações - Ibertioga,1194,2022-01-05 16:01:01,2022-01-13 22:57:17,Realização F01 Coleta,closed
Coleta de licitações - Canaã,1193,2022-01-05 16:00:14,2022-01-13 22:57:20,Realização F01 Coleta,closed
Coleta de licitações - Senador Firmino,1192,2022-01-05 15:59:35,2022-01-13 22:57:26,Realização F01 Coleta,closed
Coleta de licitações - Oratórios,1191,2022-01-05 15:58:55,2022-01-13 22:57:28,Realização F01 Coleta,closed
Coleta de licitações - Carmo de Minas,1190,2022-01-05 15:56:11,2022-01-13 22:57:30,Realização F01 Coleta,closed
Coleta de licitações - Coronel Pacheco,1189,2022-01-05 15:54:41,2022-01-13 22:57:32,Realização F01 Coleta,closed
Coleta de licitações - Senhora dos Remédios,1188,2022-01-05 15:49:28,2022-01-13 22:57:33,Realização F01 Coleta,closed
Coleta de licitações - Chácara,1187,2022-01-05 15:48:33,2022-01-13 22:57:36,Realização F01 Coleta,closed
Coleta de licitações - Tabuleiro,1186,2022-01-05 15:47:24,2022-01-13 22:57:38,Realização F01 Coleta,closed
Coleta de licitações - Pedro Teixeira,1185,2022-01-05 15:46:17,2022-01-13 22:57:40,Realização F01 Coleta,closed
Coleta de licitações - Astolfo Dutra,1184,2022-01-05 15:43:43,2022-01-13 22:57:43,Realização F01 Coleta,closed
Coleta de licitações - Andrelândia,1183,2022-01-05 15:38:24,2022-01-13 22:57:45,Realização F01 Coleta,closed
Coleta de licitações - Rio Novo,1182,2022-01-05 15:37:03,2022-01-13 22:57:47,Realização F01 Coleta,closed
Coleta de licitações - Seritinga,1181,2022-01-05 15:33:49,2022-01-13 22:58:20,Realização F01 Coleta,closed
Coleta de licitações - Chiador,1180,2022-01-05 15:31:54,2022-01-13 22:58:22,Realização F01 Coleta,closed
Coleta de licitações - Volta Grande,1179,2022-01-05 15:30:58,2022-01-13 22:58:23,Realização F01 Coleta,closed
Coleta de licitações - Rochedo de Minas,1178,2022-01-05 15:30:10,2022-01-13 22:58:25,Realização F01 Coleta,closed
Coleta de licitações - Minduri,1177,2022-01-05 15:29:05,2022-01-13 22:58:27,Realização F01 Coleta,closed
Coleta de licitações - Paulo Cândido,1176,2022-01-05 15:28:14,2022-01-13 22:58:28,Realização F01 Coleta,closed
Coleta de licitações - Diogo de Vasconcelos,1175,2022-01-05 15:27:07,2022-01-13 22:58:30,Realização F01 Coleta,closed
Coleta de licitações - Olaria,1174,2022-01-05 15:26:18,2022-01-13 22:58:32,Realização F01 Coleta,closed
Coleta de licitações - Estrela Dalva,1173,2022-01-05 15:25:03,2022-01-13 22:58:33,Realização F01 Coleta,closed
Coleta de licitações - Miraí,1172,2022-01-05 15:24:15,2022-01-13 22:58:35,Realização F01 Coleta,closed
Coleta de licitações - Rio Preto,1171,2022-01-05 15:23:11,2022-01-13 22:58:36,Realização F01 Coleta,closed
Coleta de licitações - Santa Rita de Ibitipoca,1170,2022-01-05 15:21:50,2022-01-13 22:58:38,Realização F01 Coleta,closed
Coleta de licitações - Cipotânea,1169,2022-01-05 15:20:42,2022-01-13 22:58:40,Realização F01 Coleta,closed
Coleta de licitações - Santana do Garambéu,1168,2022-01-05 15:19:01,2022-01-13 22:58:42,Realização F01 Coleta,closed
Coleta de licitações - Amparo do Serra,1167,2022-01-05 15:17:59,2022-01-13 22:58:43,Realização F01 Coleta,closed
Coleta de licitações - Toledo,1166,2022-01-05 15:16:57,2022-01-13 22:58:45,Realização F01 Coleta,closed
Coleta de licitações - Madre de Deus de Minas,1165,2022-01-05 15:15:28,2022-01-07 13:47:48,Realização F01 Coleta,closed
Coleta de licitações - Laranjal,1163,2022-01-05 15:12:56,2022-01-07 13:41:11,Realização F01 Coleta,closed
Coleta de licitações - Aracitaba,1162,2022-01-05 15:11:43,2022-01-07 13:41:13,Realização F01 Coleta,closed
Coleta de licitações - Senhora de Oliveira,1161,2022-01-05 15:10:39,2022-01-07 13:41:14,Realização F01 Coleta,closed
Coleta de licitações - Cruzília,1160,2022-01-05 15:09:45,2022-01-07 13:41:15,Realização F01 Coleta,closed
Coleta de licitações - Belmiro Braga,1159,2022-01-05 15:08:37,2022-01-07 13:41:19,Realização F01 Coleta,closed
Coleta de licitações - Bocaina de Minas,1158,2022-01-05 15:07:32,2022-01-07 13:41:20,Realização F01 Coleta,closed
Coleta de licitações - Arantina,1157,2022-01-05 15:05:39,2022-01-07 13:41:21,Realização F01 Coleta,closed
Coleta de licitações - Senador Cortes,1156,2022-01-05 15:04:18,2022-01-07 13:41:23,Realização F01 Coleta,closed
Coleta de licitações - Brás Pires,1155,2022-01-05 15:03:23,2022-01-07 13:41:25,Realização F01 Coleta,closed
Coleta de licitações - Coimbra,1154,2022-01-05 15:02:01,2022-01-07 13:41:26,Realização F01 Coleta,closed
Coleta de licitações - Dom Viçoso,1153,2022-01-05 15:00:17,2022-01-07 13:41:27,Realização F01 Coleta,closed
Coleta de licitações - Lamim,1152,2022-01-05 14:52:45,2022-01-07 13:41:31,Realização F01 Coleta,closed
Coletor para o template ABO,1143,2022-01-05 13:07:41,2022-01-05 13:08:55,Epic,closed
Coleta de Licitações de Divinópolis,1142,2022-01-05 13:02:54,2022-01-21 13:16:49,Realização F01 Coleta,closed
Coleta de Licitações - Joaquim Felício,1140,2022-01-05 12:44:42,2022-01-21 00:03:06,Realização F01 Coleta,closed
Coleta de Licitações - Vargem Grande do Rio Pardo,1139,2022-01-05 12:40:50,2022-01-21 00:03:01,Realização F01 Coleta,closed
Coleta de Licitações - Mário Campos,1138,2022-01-05 11:36:12,2022-01-20 22:49:43,Realização F01 Coleta,closed
Coleta de Licitações - Coluna,1137,2022-01-05 11:35:01,2022-01-20 22:49:38,Realização F01 Coleta,closed
Coleta de Licitações - Serra Azul de Minas,1136,2022-01-05 11:10:35,2022-01-20 22:49:39,Realização F01 Coleta,closed
Coleta de Licitações - Rio Pardo de Minas,1135,2022-01-04 19:50:43,2022-01-20 22:49:41,Realização F01 Coleta,closed
Coleta de Licitações - Jequitaí,1134,2022-01-04 16:05:30,2022-01-20 22:49:42,Realização F01 Coleta,closed
Coleta de Licitações - Curral de Dentro,1133,2022-01-04 12:03:45,2022-01-20 22:49:45,Realização F01 Coleta,closed
Coleta de Licitações - Lontra,1132,2022-01-04 12:00:00,2022-01-20 22:49:44,Realização F01 Coleta,closed
Coleta de Licitações - Capelinha,1131,2022-01-04 11:56:37,2022-01-20 22:50:46,Realização F01 Coleta,closed
Coleta de Licitações - São Gonçalo do Rio Preto,1130,2022-01-04 11:51:51,2022-01-20 22:49:49,Realização F01 Coleta,closed
Coleta de Licitações - Divisa Alegre,1129,2022-01-04 01:24:41,2022-01-14 01:47:20,Realização F01 Coleta,closed
Coleta de Licitações - Glaucilândia,1128,2022-01-04 01:17:30,2022-01-14 01:47:14,Realização F01 Coleta,closed
Coleta de Licitações - Novo Cruzeiro,1127,2022-01-03 13:00:47,2022-01-14 01:47:10,Realização F01 Coleta,closed
Coleta de Licitações - Virgem da Lapa,1126,2022-01-03 12:28:05,2022-01-13 22:59:41,Realização F01 Coleta,closed
Coleta de Licitações - Divisópolis,1125,2022-01-03 12:22:26,2022-01-13 22:59:38,Realização F01 Coleta,closed
Coleta de Licitações - Várzea da Palma,1124,2022-01-03 12:16:46,2022-01-13 22:59:36,Realização F01 Coleta,closed
Coleta de Licitações - Bocaiúva,1121,2021-12-16 23:48:24,2022-01-13 22:59:33,Realização F01 Coleta,closed
Coleta de Licitações - Águas Vermelhas,1120,2021-12-16 23:45:58,2022-01-13 22:59:31,Realização F01 Coleta,closed
Coleta de Licitações - Pai Pedro,1119,2021-12-16 23:44:32,2022-01-13 22:59:30,Realização F01 Coleta,closed
Coleta de Licitações - Guaraciama,1118,2021-12-16 23:43:09,2022-01-13 22:59:28,Realização F01 Coleta,closed
Coleta de Licitações - Janaúba,1116,2021-12-16 23:41:31,2022-01-13 22:59:27,Realização F01 Coleta,closed
Coleta de Licitações - Juramento,1115,2021-12-16 23:38:53,2022-01-13 22:59:26,Realização F01 Coleta,closed
Issue 784 - Mudando redirecionamento pós criação e edição,1114,2021-12-16 14:09:51,2021-12-17 12:33:30,usabilidade,closed
Coleta de Licitações - Augusto de Lima,1113,2021-12-16 02:07:40,2022-01-13 22:59:24,Realização F01 Coleta,closed
Coleta de Licitações - Jaíba,1112,2021-12-16 01:35:01,2022-01-13 22:59:23,Realização F01 Coleta,closed
Coleta de Licitações - Datas,1111,2021-12-16 01:04:36,2022-01-13 22:59:21,Realização F01 Coleta,closed
Coleta de Licitações - Mamonas,1110,2021-12-16 01:03:22,2022-01-13 22:59:19,Realização F01 Coleta,closed
Coleta de Licitações - Indaiabira,1109,2021-12-16 01:01:43,2022-01-13 22:59:18,Realização F01 Coleta,closed
Coleta de licitações - Rio Espera,1108,2021-12-16 00:02:59,2022-01-07 13:41:42,Realização F01 Coleta,closed
Coleta de licitações - Mercês,1107,2021-12-16 00:01:13,2022-01-07 13:42:09,Realização F01 Coleta,closed
Coleta de licitações - Piau,1106,2021-12-15 23:59:39,2022-01-07 13:42:11,Realização F01 Coleta,closed
Coleta de licitações - Barra Longa,1105,2021-12-15 23:57:41,2022-01-07 13:42:13,Realização F01 Coleta,closed
Coleta de licitações - Passa Vinte,1104,2021-12-15 23:56:18,2022-01-07 13:42:15,Realização F01 Coleta,closed
Coleta de licitações - Piranga,1102,2021-12-15 23:53:57,2022-01-07 13:42:17,Realização F01 Coleta,closed
Coleta de Licitações - Francisco Sá,1101,2021-12-15 01:30:54,2022-01-13 22:59:13,Realização F01 Coleta,closed
Coleta de Licitações - Coração de Jesus,1100,2021-12-15 01:29:27,2022-01-13 22:59:15,Realização F01 Coleta,closed
Coleta de Licitações - Itamarandiba,1099,2021-12-15 01:27:58,2022-01-13 22:59:08,Realização F01 Coleta,closed
Coleta de Licitações - Senador Modestino Gonçalves,1098,2021-12-15 01:26:40,2022-01-07 13:49:37,Realização F01 Coleta,closed
Coleta de Licitações - Felício dos Santos,1097,2021-12-15 01:25:04,2022-01-07 13:48:56,Realização F01 Coleta,closed
Coleta de Licitações de Serrania de 2016 até 2012,1096,2021-12-14 14:02:24,2022-01-04 14:18:16,Realização F01,closed
Coleta de Licitações de Serrania de 2021 até 2017 ,1095,2021-12-14 13:55:15,2022-01-07 13:40:51,Realização F01 Coleta,closed
Coleta de Licitações de Serrania de 2016 até 2012,1094,2021-12-14 13:54:45,2022-01-07 13:40:54,Realização F01 Coleta,closed
Coleta de Licitações de Sarzedo de 2021 até 2017,1093,2021-12-14 13:47:30,2022-01-13 22:59:02,Realização F01,closed
Coleta de Licitações de Sarzedo de 2016 até 2012,1092,2021-12-14 13:44:48,2022-01-13 22:59:00,Realização F01 Coleta,closed
Coleta de Licitações de São Sebastião do Oeste de 2021 até 2017,1091,2021-12-14 13:43:23,2022-01-13 22:59:11,Realização F01 Coleta,closed
Coleta de Licitações de São Sebastião do Oeste de 2016 até 2012,1090,2021-12-14 13:42:21,2022-01-13 22:59:10,Realização F01 Coleta,closed
Coleta de Licitações de Santo Antônio do Monte de 2021 até 2017,1087,2021-12-14 13:37:42,2022-01-13 22:59:05,Realização F01 Coleta,closed
Coleta de Licitações de Santo Antônio do Monte de 2016 até 2012,1086,2021-12-14 13:36:51,2022-01-13 22:59:04,Realização F01 Coleta,closed
Coleta de Licitações de Sacramento de 2021 até 2017,1085,2021-12-14 13:34:19,2022-01-13 22:58:57,Realização F01 Coleta,closed
Coleta de Licitações de Sacramento de 2016 até 2012,1084,2021-12-14 13:33:42,2022-01-13 22:58:58,Realização F01 Coleta,closed
Coleta de Licitações de Rio Doce de 2021 até 2017,1083,2021-12-14 13:31:57,2022-01-07 13:43:01,Realização F01 Coleta,closed
Coleta de Licitações de Rio Doce de 2016 até 2012,1082,2021-12-14 13:30:05,2022-01-07 13:43:04,Realização F01 Coleta,closed
Coleta de Licitações de Rio Casca de 2016 até 2015,1081,2021-12-14 13:28:09,2022-01-07 13:42:58,Realização F01 Coleta,closed
Coleta de Licitações de Rio Casca de 2021 até 2017,1080,2021-12-14 13:26:56,2022-01-07 13:43:00,Realização F01 Coleta,closed
Coleta de Licitações de Raposos de 2016 até 2012,1079,2021-12-14 13:25:17,2021-12-17 16:03:42,Realização F01 Coleta,closed
Coleta de Licitações de Raposos de 2021 até 2017,1078,2021-12-14 13:24:18,2022-01-07 13:41:02,Realização F01 Coleta,closed
Coleta de Licitações de Pirajuba de 2021 até 2017,1077,2021-12-14 13:22:41,2022-01-13 22:58:47,Realização F01 Coleta,closed
Coleta de Licitações de Pirajuba de 2016 até 2012,1076,2021-12-14 13:21:58,2022-01-13 22:58:48,Realização F01,closed
Coleta de Licitações de Pequi de 2021 até 2017,1075,2021-12-14 13:20:13,2022-01-13 22:58:50,Realização F01 Coleta,closed
Coleta de Licitações de Pequi de 2016 até 2012,1074,2021-12-14 13:19:38,2022-01-13 22:58:52,Realização F01 Coleta,closed
Coleta de Licitações - Itinga,1071,2021-12-14 00:59:59,2022-01-07 13:48:54,Realização F01 Coleta,closed
Coleta de Licitações - Mirabela,1070,2021-12-14 00:57:05,2022-01-07 13:48:44,Realização F01 Coleta,closed
Coleta de Licitações - Fruta de Leite,1069,2021-12-14 00:55:59,2022-01-07 13:48:43,Realização F01 Coleta,closed
Coleta de Licitações - Catuti,1068,2021-12-13 17:08:50,2022-01-07 13:48:41,Realização F01 Coleta,closed
Coleta de Licitações - Ponto Chique,1067,2021-12-13 17:07:03,2022-01-07 13:48:39,Realização F01 Coleta,closed
Coleta de Licitações - Gouveia,1066,2021-12-13 12:46:24,2022-01-07 13:48:38,Realização F01 Coleta,closed
Coleta de Licitações - Materlândia,1065,2021-12-13 12:44:42,2022-01-07 13:48:37,Realização F01 Coleta,closed
Coleta de licitações - Cristina,1064,2021-12-10 13:06:41,2022-01-07 13:42:21,Realização F01 Coleta,closed
Coleta de licitações - Simão Pereira,1063,2021-12-10 13:04:11,2022-01-07 13:42:23,Realização F01 Coleta,closed
Coleta de licitações - Bias Fortes,1062,2021-12-10 13:00:13,2022-01-07 13:42:23,Realização F01 Coleta,closed
Coleta de licitações - Bom Jardim de Minas,1061,2021-12-10 12:58:01,2022-01-07 13:42:25,Realização F01 Coleta,closed
Coleta de licitações - Lavras,1059,2021-12-10 00:40:42,2021-12-10 13:49:05,Realização F01,closed
Coleta de licitações - União de Minas,1058,2021-12-10 00:31:18,2021-12-10 13:49:08,Realização F01,closed
Coleta de licitações - Unaí,1057,2021-12-10 00:26:05,2021-12-10 13:49:09,Realização F01,closed
Coleta de licitações - Araguari,1056,2021-12-10 00:18:27,2021-12-10 13:49:12,Realização F01,closed
Adição de botões de ação na listagem de coletores,1055,2021-12-10 00:01:34,2022-01-07 12:53:12,,closed
Ajuste na ordenação da listagem de coletores ,1054,2021-12-09 22:43:54,2021-12-10 13:30:38,,closed
Coleta de Licitações - São João da Lagoa,1053,2021-12-09 16:53:33,2022-01-07 13:48:36,Realização F01 Coleta,closed
Coleta de Licitações - Bonito de Minas,1052,2021-12-09 16:44:54,2022-01-07 13:48:35,Realização F01 Coleta,closed
Coleta de Licitações - Espinosa,1051,2021-12-09 16:42:59,2022-01-07 13:48:32,Realização F01 Coleta,closed
Coleta de Licitações - Patis,1050,2021-12-09 14:42:28,2022-01-07 13:48:30,Realização F01 Coleta,closed
Coleta de Licitações - Berilo,1049,2021-12-09 14:40:44,2022-01-07 13:48:29,Realização F01 Coleta,closed
Coleta de Licitações - Cachoeira de Pajeú,1048,2021-12-09 14:39:03,2022-01-07 13:48:28,Realização F01 Coleta,closed
Coleta de Licitações - Novorizonte,1047,2021-12-09 14:37:20,2022-01-07 13:48:27,Realização F01 Coleta,closed
Coleta de Licitações - Água Boa,1046,2021-12-09 14:35:39,2022-01-07 13:48:25,Realização F01 Coleta,closed
Coleta de Licitações de Campos Gerais de 2016 até 2012,1045,2021-12-09 00:11:15,2021-12-10 13:43:55,Realização F01 Coleta,closed
Coleta de Licitações de Campos Gerais de 2021 até 2017,1044,2021-12-09 00:09:31,2021-12-10 13:43:58,Realização F01 Coleta,closed
Issue 1034 - Bug com formato de XPATH em passo de 'Extrair texto',1043,2021-12-08 20:01:33,2022-01-12 18:31:34,,closed
Coleta de Licitações - Alvorada de Minas,1040,2021-12-08 12:40:42,2022-01-07 13:48:03,Realização F01 Coleta,closed
Coleta de Licitações - Gameleiras,1039,2021-12-07 21:04:03,2022-01-07 13:47:59,Realização F01 Coleta,closed
Coleta de Licitações - Frei Lagonegro,1038,2021-12-07 20:40:28,2022-01-07 14:11:49,Realização F01 Coleta,closed
Coleta de Licitações - Francisco Badaró,1037,2021-12-07 19:47:25,2022-01-07 14:11:46,Realização F01 Coleta,closed
Coleta de Licitações - Chapada Gaúcha,1036,2021-12-07 19:28:17,2021-12-17 16:06:47,Realização F01 Coleta,closed
Coleta de Licitações - Engenheiro Navarro,1035,2021-12-07 18:28:56,2021-12-10 13:44:34,Realização F01 Coleta,closed
Coleta de Licitações - Turmalina,1033,2021-12-06 17:55:19,2021-12-10 13:44:35,Realização F01 Coleta,closed
Coleta de Licitações - Presidente Kubitschek,1032,2021-12-06 17:27:56,2021-12-10 13:44:38,Realização F01 Coleta,closed
Coleta de Licitações - Ibiaí,1029,2021-12-06 13:22:23,2021-12-10 13:44:40,Realização F01 Coleta,closed
Coleta de Licitações de Ouro Branco de 2016 até 2012,1028,2021-12-03 11:00:44,2021-12-17 16:03:35,Realização F01 Coleta,closed
Coleta de Licitações de Ouro Branco de 2021 até 2017,1027,2021-12-03 11:00:04,2021-12-17 16:03:32,Realização F01 Coleta,closed
Coleta de Licitações de Nepomuceno de 2016 até 2012,1026,2021-12-03 10:56:08,2021-12-03 14:03:32,Realização F01,closed
Coleta de Licitações de Nepomuceno de 2021 até 2017 ,1025,2021-12-03 10:55:33,2021-12-17 16:03:36,Realização F01 Coleta,closed
Coleta de Licitações de Mariana de 2016 até 2012,1024,2021-12-03 10:53:36,2021-12-17 16:03:40,Realização F01 Coleta,closed
Coleta de Licitações de Mariana de 2021 até 2017,1023,2021-12-03 10:52:56,2021-12-17 16:03:37,Realização F01 Coleta,closed
Coleta de Licitações de Mantena de 2016 até 2012,1022,2021-12-03 10:50:27,2021-12-10 13:43:35,Realização F01 Coleta,closed
Coleta de Licitações de Mantena de 2021 até 2017,1021,2021-12-03 10:49:43,2021-12-10 13:44:11,Realização F01 Coleta,closed
Coleta de licitações de Itanhandu,1020,2021-12-03 03:07:28,2021-12-10 13:49:10,Realização F01 Coleta,closed
Coleta de licitações de Cachoeira Dourada,1019,2021-12-03 03:00:42,2021-12-10 13:49:07,Realização F01 Coleta,closed
Coleta de licitações de Poços de Caldas,1018,2021-12-03 02:54:07,2021-12-17 16:07:33,Realização F01 Coleta,closed
Coleta de licitações de Prata,1017,2021-12-03 02:52:07,2021-12-17 16:07:34,Realização F01 Coleta,closed
Coleta de licitações de São Joaquim de Bicas,1016,2021-12-03 02:50:19,2021-12-17 16:07:32,Realização F01 Coleta,closed
Coleta de licitações de Teófilo Otoni,1015,2021-12-03 02:48:42,2021-12-10 13:49:20,Realização F01 Coleta,closed
Coleta de licitações de Paracatu,1014,2021-12-03 02:45:12,2021-12-17 16:07:35,Realização F01 Coleta,closed
Coleta de licitações de Gurinhatã,1013,2021-12-03 02:43:58,2021-12-10 13:49:22,Realização F01 Coleta,closed
Coleta de licitações de Coronel Fabriciano,1012,2021-12-03 02:42:11,2022-01-20 22:49:35,Realização F01 Coleta,closed
Coleta de Licitações de Luz de 2021 até 2017,1011,2021-12-03 00:59:06,2021-12-17 16:03:30,Realização F01 Coleta,closed
Coleta de Licitações de Luz de 2016 até 2012,1010,2021-12-03 00:58:33,2021-12-17 16:03:29,Realização F01 Coleta,closed
Coleta de Licitações de Lagoa da Prata de 2021 até 2017,1009,2021-12-03 00:57:49,2022-01-07 12:04:20,Realização F01 Coleta,closed
Coleta de Licitações de Lagoa da Prata de 2016 até 2012,1008,2021-12-03 00:57:17,2022-01-07 12:30:16,Realização F01 Coleta,closed
Coleta de Licitações de Itatiaiuçu de 2021 até 2017,1007,2021-12-03 00:56:01,2021-12-17 16:03:27,Realização F01 Coleta,closed
Coleta de Licitações de Itatiaiuçu de 2016 até 2012,1006,2021-12-03 00:54:31,2021-12-17 16:03:29,Realização F01 Coleta,closed
Coleta de Licitações de Itapeva de 2016 até 2012 ,1005,2021-12-03 00:53:43,2022-01-07 13:41:04,Realização F01 Coleta,closed
Coleta de Licitações de Itapeva de 2021 até 2017,1004,2021-12-03 00:53:10,2022-01-07 13:41:02,Realização F01 Coleta,closed
Coleta de Licitações de Ijaci de 2021 até 2017,1003,2021-12-03 00:51:41,2022-01-13 22:58:54,Realização F01 Coleta,closed
Coleta de Licitações de Ijaci  de 2016 até 2012,1002,2021-12-03 00:51:03,2022-01-13 22:58:55,Realização F01 Coleta,closed
Issue 671 - Duplicar bloco de passos dinâmicos e seus filhos ,1001,2021-12-02 23:47:39,2021-12-03 14:06:22,usabilidade,closed
Coleta de Licitações de Formiga de 2021 até 2017,1000,2021-12-02 13:30:37,2021-12-10 13:44:17,Realização F01 Coleta,closed
Coleta de Licitações de Formiga de 2016 até 2012,999,2021-12-02 13:29:57,2021-12-10 13:43:49,Realização F01 Coleta,closed
Coleta de Licitações de Lambari,991,2021-11-30 12:42:59,2021-12-03 13:38:18,Realização F01 Coleta,closed
Coleta de Licitações de Monte Sião,990,2021-11-30 12:41:30,2021-12-03 13:38:17,Realização F01 Coleta,closed
Coleta de Licitações de Poço Fundo,989,2021-11-30 12:39:27,2021-12-03 13:38:14,Realização F01 Coleta,closed
Coleta de Licitações de Itaú de Minas,988,2021-11-30 12:36:51,2021-12-03 13:38:15,Realização F01 Coleta,closed
Coleta de Licitações de São Thomé das Letras,987,2021-11-30 12:30:03,2022-01-24 22:10:41,Realização F01 Coleta,closed
Coleta de Licitações de Carmo do Rio Claro,986,2021-11-30 12:22:14,2021-12-03 13:38:20,Realização F01 Coleta,closed
Fix PEP 8 errors,985,2021-11-30 02:19:12,2021-11-30 02:19:26,,closed
"Issue 655 - ""Calibra"" o mecanismo de acompanhamento de coletas",984,2021-11-30 02:17:59,2022-01-12 15:21:06,,closed
"Issue 655 - ""Calibra"" a barra de progresso de coleta",983,2021-11-30 02:15:37,2021-11-30 02:16:57,,closed
Fix PEP 8 errors,981,2021-11-28 00:42:41,2021-11-28 00:42:50,,closed
Issue 959/894 - Resolve bloqueio e HTTP 500 ao iniciar uma coleta,980,2021-11-28 00:40:22,2021-11-30 02:11:19,,closed
Coleta de licitações de Igarapé,979,2021-11-26 02:51:06,2021-12-10 13:49:17,Realização F01 Coleta,closed
Coleta de Licitações de Lagoa Santa,978,2021-11-26 02:40:01,2021-12-10 13:49:18,Realização F01 Coleta,closed
Coleta de licitações de Frutal,977,2021-11-26 02:33:15,2021-12-10 13:49:19,Realização F01 Coleta,closed
"Issue 928 - Adição do passo ""Extrair Propriedade"" no mecanismo de passos",976,2021-11-26 02:23:11,2022-01-12 18:31:09,,closed
Issue 798 - Adiciona passo 'Enquanto' no mecanismo de passos,975,2021-11-26 00:18:00,2021-12-03 13:07:25,step by step feature faltante,closed
Coleta de Licitações de Alpinópolis,974,2021-11-25 22:12:55,2021-12-10 13:44:27,Realização F01 Coleta,closed
Coleta de Licitações de Pratápolis,973,2021-11-25 22:08:16,2021-11-26 18:33:50,Realização F01 Coleta,closed
Coleta de Licitações de Durandé,972,2021-11-25 22:05:25,2021-11-26 18:33:52,Realização F01 Coleta,closed
Coleta de Licitações de São Sebastião do Anta,971,2021-11-25 21:59:45,2021-11-26 18:33:54,Realização F01 Coleta,closed
Coleta de licitações de Santa Vitória,970,2021-11-25 13:57:33,2021-12-10 13:49:13,Realização F01 Coleta,closed
Coleta de licitações de Canápolis,969,2021-11-25 13:56:05,2021-12-17 16:07:37,Realização F01 Coleta,closed
Coleta de licitações de Andradas,968,2021-11-25 13:54:19,2021-12-03 14:03:38,Realização F01 Coleta,closed
Coleta de licitações de Dores do Indaiá,967,2021-11-25 13:53:04,2021-12-10 13:49:15,Realização F01 Coleta,closed
Coleta de licitações de Guaxupé,966,2021-11-25 13:51:25,2021-12-10 13:49:16,Realização F01 Coleta,closed
Coleta de licitações de Capinópolis,965,2021-11-25 13:49:39,2021-12-03 14:03:36,Realização F01 Coleta,closed
Coleta de licitações de São José da Lapa,964,2021-11-25 13:48:03,2021-12-03 13:37:05,Realização F01 Coleta,closed
Coleta de licitações de Caxambu,963,2021-11-25 13:46:21,2021-12-03 14:03:34,Realização F01 Coleta,closed
Coleta de Licitações de Conquista,962,2021-11-25 13:42:23,2021-12-03 13:37:07,Realização F01 Coleta,closed
[Master] Issue 960 - Evita `exceção silenciosa` ao detectar encoding de página,961,2021-11-25 04:47:03,2021-11-29 15:02:11,,closed
Coleta de dados de Relatórios Fiscais de Paracatu,957,2021-11-25 01:55:39,2021-11-26 18:33:33,externa Realização F01 Coleta,closed
Coleta de dados das Contas Públicas de Paracatu,956,2021-11-25 01:53:39,2021-11-26 18:33:57,externa Realização F01 Coleta,closed
Coleta de Contas Públicas de Governador Valadares,954,2021-11-25 01:47:46,2021-11-26 18:33:55,externa Realização F01 Coleta,closed
Coleta de dados dos Relatorios Resumidos de Execução Orçamentária de Governador Valadares,953,2021-11-25 01:45:36,2021-11-26 18:33:44,externa Realização F01 Coleta,closed
Coleta de dados dos Relatórios de Gestão Fiscal de Governador Valadares,952,2021-11-25 01:41:51,2021-11-26 18:33:38,externa Realização F01 Coleta,closed
Coleta de Licitações de Congonhas de 2021 até 2017,951,2021-11-24 20:26:20,2021-12-10 13:44:03,Realização F01 Coleta,closed
Coleta de Licitações de Congonhas de 2016 até 2012,950,2021-11-24 20:25:25,2021-12-03 13:33:08,Realização F01 Coleta,closed
Coleta de Licitações de Conceição da Aparecida de 2021 até 2017,949,2021-11-24 20:23:07,2021-12-10 13:43:52,Realização F01 Coleta,closed
Coleta de Licitações de Conceição da Aparecida de 2016 até 2012,948,2021-11-24 20:22:16,2021-12-10 13:43:51,Realização F01 Coleta,closed
Coleta de Licitações de Cláudio de 2021 até 2017,947,2021-11-24 20:20:48,2021-12-10 13:44:00,Realização F01 Coleta,closed
Coleta de Licitações de Cláudio de 2016 até 2012,946,2021-11-24 20:20:22,2021-12-10 13:44:02,Realização F01 Coleta,closed
Coleta de Licitações de Juruaia,945,2021-11-23 19:46:10,2021-12-03 13:38:21,Realização F01 Coleta,closed
Coleta de Licitações de Cataguases de 2021 até 2017,944,2021-11-23 16:59:39,2021-12-10 13:44:05,Realização F01 Coleta,closed
Coleta de Licitações de Cataguases de 2016 até 2012,943,2021-11-23 16:58:48,2021-12-03 13:33:52,Realização F01 Coleta,closed
Coleta de Licitações de Campos Gerais de 2021 até 2017,942,2021-11-23 16:55:26,2021-12-03 13:33:35,Realização F01 Coleta,closed
Coleta de Licitações de Campos Gerais de 2016 até 2012,941,2021-11-23 16:54:06,2021-12-03 13:33:32,Realização F01 Coleta,closed
Issue 883 - Salvando páginas coletadas com codificação dinâmica ,940,2021-11-23 01:05:06,2022-01-05 12:15:12,,closed
Coleta de Licitações de Belo Horizonte,939,2021-11-22 23:59:23,2021-12-03 13:38:25,Realização F01 Coleta,closed
Coleta de Licitações de Pimenta,938,2021-11-22 23:56:31,2021-12-03 13:38:23,Realização F01 Coleta,closed
Coleta de Licitações de Botelhos de 2016 até 2012,935,2021-11-22 23:42:58,2021-11-26 18:33:35,Realização F01 Coleta,closed
Coleta de Licitações de Botelhos de 2021 até 2017 ,934,2021-11-22 23:42:02,2021-12-03 13:33:13,Realização F01 Coleta,closed
Coleta de Licitações de Carneirinho,929,2021-11-19 12:20:35,2021-12-03 13:37:06,Realização F01 Coleta,closed
Issue 660 - Corrige problemas de escalabilidade no módulo de persistência de coletas,927,2021-11-19 01:50:07,2022-01-12 15:20:53,,closed
Coleta de Licitações de Diamantina,926,2021-11-19 01:47:12,2021-11-22 12:06:57,Realização F01 Coleta,closed
Coleta de Licitações de Guimarânia,925,2021-11-19 01:27:08,2021-11-22 12:06:58,Realização F01 Coleta,closed
Coleta de Licitações de Araporã,924,2021-11-19 01:23:38,2021-11-22 12:07:00,Realização F01 Coleta,closed
Coleta de dados da Lei Orçamentária Anual do município de Governador Valadares ,921,2021-11-18 12:24:38,2021-11-26 18:33:40,externa Realização F01 Coleta,closed
Coleta de dados do Plano Plurianual do município de Governador Valadares,920,2021-11-18 12:20:01,2021-11-26 18:33:43,externa Realização F01 Coleta,closed
Coleta de Licitações de Bandeira do Sul de 2021 até 2017,919,2021-11-17 16:12:59,2021-12-03 13:33:15,Realização F01 Coleta,closed
Coleta de Licitações de Bandeira do Sul de 2016 até 2012,918,2021-11-17 16:11:14,2021-12-03 13:33:12,Realização F01 Coleta,closed
Coleta de Licitações de Alvinópolis de 2021 até 2017,917,2021-11-17 14:44:31,2021-12-03 13:33:19,Realização F01 Coleta,closed
Coleta de Licitações de Alvinópolis de 2016 até 2012,916,2021-11-17 14:42:29,2021-12-03 13:33:17,Realização F01 Coleta,closed
Coleta de Licitações de Alto Rio Doce de 2021 até 2017,915,2021-11-17 14:40:04,2021-12-03 13:33:22,Realização F01 Coleta,closed
Coleta de Licitações de Alto Rio Doce de 2016 até 2012,914,2021-11-17 14:36:11,2021-11-26 18:33:36,Realização F01 Coleta,closed
Issue 778 - Tratamento de middlewares no sistema distribuído,913,2021-11-17 00:21:50,2022-01-04 23:05:50,,closed
Coleta de Licitações de Alterosa de 2016 até 2012,910,2021-11-16 14:46:18,2021-11-22 12:07:03,Realização F01 Coleta,closed
Coleta de Licitações de Boa esperança de 2016 até 2012,909,2021-11-16 14:25:14,2021-11-22 12:06:45,Realização F01 Coleta,closed
Coleta de Licitações de Alfenas de 2016 até 2012,908,2021-11-16 14:19:20,2021-11-22 12:06:55,Realização F01 Coleta,closed
Coleta de Licitações de Igaratinga de 2016 até 2012,907,2021-11-16 14:09:20,2021-11-22 12:05:09,Realização F01 Coleta,closed
Coleta de Licitações de Planura de 2016 até 2013,906,2021-11-16 14:01:13,2021-11-22 12:04:57,Realização F01 Coleta,closed
Coleta de Licitações de Guaranésia de 2016 até 2013,905,2021-11-16 13:55:24,2021-11-22 12:06:48,Realização F01 Coleta,closed
Coleta de Licitações de Cambuquira de 2016 até 2012,904,2021-11-16 13:52:35,2021-11-22 12:06:50,Realização F01 Coleta,closed
Coleta de dados de Contas Públicas de Divinópolis,903,2021-11-16 12:51:35,2021-11-22 12:07:12,externa Realização F01 Coleta,closed
Issue 739 - Ajustes de responsividade no layout,902,2021-11-12 14:43:14,2021-11-17 18:18:50,usabilidade,closed
Coleta de Licitações de Alterosa de 2021 até 2017,900,2021-11-12 00:24:40,2021-11-22 12:07:02,Realização F01 Coleta,closed
Coleta de Licitações de Arapuá,899,2021-11-11 21:50:55,2022-01-25 01:23:49,Realização F01 Coleta,closed
Coleta de Licitações de Alfenas de 2021 até 2017,898,2021-11-11 16:23:59,2021-11-22 12:06:54,Realização F01 Coleta,closed
Fix PEP 8 errors,897,2021-11-11 04:16:28,2021-11-11 04:16:46,,closed
Issue 843 - Corrige erro ao baixar arquivos em páginas dinâmicas.,896,2021-11-11 04:07:50,2021-11-11 17:50:34,,closed
Coleta de Licitações de Itamonte,893,2021-11-11 00:26:38,2021-11-12 14:11:09,Realização F01 Coleta,closed
Coleta de Licitações de Igaratinga de 2021 até 2017,892,2021-11-09 17:05:57,2021-11-22 12:06:37,Realização F01 Coleta,closed
Coleta de Licitações de Boa esperança de 2021 até 2017,891,2021-11-09 16:57:50,2021-11-22 12:06:52,Realização F01 Coleta,closed
Coleta de Licitações de Planura de 2021 até 2017,890,2021-11-09 16:24:40,2021-11-22 12:06:30,Realização F01 Coleta,closed
Coleta de Licitações de Guaranésia de 2021 até 2017,889,2021-11-09 16:02:28,2021-11-12 14:13:47,Realização F01 Coleta,closed
Coleta de Licitações de Cambuquira de 2021 até 2017,888,2021-11-09 14:40:59,2021-11-12 14:14:12,Realização F01 Coleta,closed
Coleta de dados das Leis de Diretrizes Orçamentarias do município de Governador Valadares,884,2021-11-08 14:49:21,2021-11-26 18:33:41,externa Realização F01 Coleta,closed
Coleta de Relatórios de Gestao Fiscal e Resumido de Execução de Congonhas,881,2021-11-04 23:23:31,2021-11-22 12:05:28,externa Realização F01 Coleta,closed
Coleta de dados de Contas Públicas de Congonhas,880,2021-11-04 23:16:58,2021-11-22 12:07:08,externa Realização F01 Coleta,closed
Coleta de dados de Leis Orçamentárias de Uberlândia,879,2021-11-04 19:29:24,2021-11-12 14:12:28,externa Realização F01 Coleta,closed
Coleta de dados das Leis Orçamentarias do município de Paracatu,878,2021-11-04 11:53:53,2021-11-22 12:07:06,externa Realização F01 Coleta,closed
Coleta de dados de Contas Públicas de Ipatinga,877,2021-11-04 00:16:39,2021-11-12 14:13:22,externa Realização F01 Coleta,closed
Coleta de dados de Relatórios de Gestão Fiscal e Resumidos de Execução de Ipatinga,876,2021-11-03 23:58:31,2021-11-12 14:13:07,externa Realização F01 Coleta,closed
Coleta de dados de Leis Orçamentárias de Ipatinga,875,2021-11-03 23:07:52,2021-11-12 14:10:17,externa Realização F01 Coleta,closed
Issue 782 - Correção de BUGs pontuais da versão dockerizada da Sol. Distribuída,874,2021-11-03 17:35:27,2021-11-23 23:58:37,,closed
Coleta de dados de Leis Orçamentárias de Congonhas,871,2021-11-03 11:38:24,2021-11-12 14:09:05,externa Realização F01 Coleta,closed
Coleta de dados das despesas do município de Pouso Alegre,870,2021-11-01 23:24:17,2021-11-26 10:40:22,externa Realização F01 Coleta,closed
Issue 868 - Resolve bug de páginas sendo salvas incompletas por limpeza de HTML,869,2021-11-01 18:22:55,2021-11-22 22:14:59,,closed
Coleta de dados de Contas Públicas de Teófilo Otoni,867,2021-11-01 16:26:32,2021-11-26 11:51:02,externa Realização F01 Coleta,closed
Coleta de Prestação de Contas de Uberaba,865,2021-10-29 19:31:38,2021-11-05 13:57:33,externa Realização F01 Coleta,closed
Coleta de dados de Leis Orçamentárias de Uberaba,854,2021-10-28 20:37:00,2021-11-05 13:57:49,externa Realização F01 Coleta,closed
Coleta de Relatórios de Gestão Fiscal de Uberaba,853,2021-10-28 12:54:45,2021-11-08 18:53:44,externa Realização F01 Coleta,closed
Coleta de Relatórios de Prestação de Contas de Pará de Minas,852,2021-10-28 00:15:22,2021-10-29 14:02:35,externa Realização F01 Coleta,closed
Coleta de dados de Leis Orçamentárias de Pará de Minas,851,2021-10-27 22:35:18,2021-11-22 12:07:10,externa Realização F01 Coleta,closed
Fix PEP 8 errors,850,2021-10-27 21:46:59,2021-10-27 21:47:10,,closed
Issue 789 -  Padronizar pasta de saída de dados no sistema distribuído,849,2021-10-27 21:46:23,2021-11-01 21:45:05,,closed
Coleta de dados das despesas do município de Montes Claros,847,2021-10-27 12:21:35,2021-10-29 14:02:28,externa Realização F01 Coleta,closed
Fix PEP 8 errors,846,2021-10-26 23:14:35,2021-10-26 23:14:48,,closed
Issue 777 -  Tratamento de profundidade da coleta na versão distribuída,845,2021-10-26 23:08:09,2021-11-12 01:04:23,,closed
Coleta de Contas Públicas de Pará de Minas,844,2021-10-26 23:04:25,2021-10-29 14:02:49,externa Realização F01 Coleta,closed
Coleta de Relatórios de Gestao Fiscal e Resumido de Execução de Divinópolis,839,2021-10-25 12:34:04,2021-11-22 12:06:22,externa Realização F01 Coleta,closed
Coleta de dados das despesas do município de Varginha,838,2021-10-25 11:57:21,2021-11-22 12:07:05,externa Realização F01 Coleta,closed
Coleta de Relatórios Estatísticos de Congonhas,837,2021-10-22 16:30:51,2021-11-05 10:28:24,externa Realização F01 Coleta,closed
Coleta de Relatórios Estatísticos de Pouso Alegre,832,2021-10-22 15:20:28,2021-10-29 14:01:09,externa Realização F01 Coleta,closed
Coleta de dados de Leis Orçamentárias de Divinópolis,829,2021-10-22 14:36:39,2021-11-22 12:06:08,externa Realização F01 Coleta,closed
Coleta de Relatórios Estatísticos de Montes Claros,828,2021-10-22 14:33:27,2021-11-05 10:28:35,externa Realização F01 Coleta,closed
Coleta de Relatórios Estatísticos de Uberlândia,827,2021-10-22 14:29:56,2021-10-29 14:39:13,externa Realização F01 Coleta,closed
Coleta de Relatórios Estatísticos de Pará de Minas,825,2021-10-22 14:13:10,2021-10-29 14:02:56,externa Realização F01 Coleta,closed
Coleta de Relatórios Estatísticos de Divinópolis,824,2021-10-22 14:03:07,2021-11-08 18:54:06,externa Realização F01 Coleta,closed
Coleta Geral da prefeitura de Varginha,822,2021-10-20 23:24:36,2021-10-22 14:11:12,Realização F01 Coleta,closed
 Coleta geral da prefeitura de Paracatu,821,2021-10-20 13:54:05,2021-10-22 14:11:52,externa Realização F01 Coleta,closed
 Coleta geral da prefeitura de Congonhas,820,2021-10-20 13:04:14,2021-10-22 14:11:46,externa Realização F01 Coleta,closed
 Coleta geral da prefeitura de Betim,819,2021-10-20 12:55:15,2021-11-12 14:15:51,externa Realização F01 Coleta,closed
Coleta geral da prefeitura de Ipatinga,818,2021-10-20 12:43:55,2021-10-22 13:18:30,Coleta,closed
Coleta geral da prefeitura de Governador Valadares,817,2021-10-20 12:33:12,2021-10-22 14:11:01,Coleta,closed
Coleta geral da prefeitura de Juiz de Fora,816,2021-10-20 11:50:12,2021-10-22 13:18:17,Coleta,closed
Coleta geral da prefeitura de Pouso Alegre,815,2021-10-20 11:33:48,2021-10-22 13:18:01,Coleta,closed
Coleta geral da prefeitura de Passos,814,2021-10-20 11:14:40,2021-10-22 13:17:47,Coleta,closed
Coleta geral da prefeitura de Teófilo Otoni,813,2021-10-19 23:39:31,2021-10-22 14:11:35,Realização F01 Coleta,closed
Coleta Geral da prefeitura de Montes Claros,812,2021-10-19 19:44:21,2021-10-22 14:11:40,Realização F01 Coleta,closed
Fix PEP 8 errors,811,2021-10-19 19:17:17,2021-10-19 19:17:37,,closed
"Issue 809 - Passo if, apenas elementos visiveis ",810,2021-10-19 19:14:40,2021-10-22 02:02:45,,closed
Coleta Geral da prefeitura de Uberaba,808,2021-10-19 12:28:21,2021-10-22 14:11:58,Realização F01 Coleta,closed
Coleta geral da prefeitura de Uberlândia,807,2021-10-19 11:40:40,2021-10-22 14:11:24,Realização F01 Coleta,closed
Coleta geral da prefeitura de Pará de Minas,805,2021-10-15 23:54:13,2021-10-22 14:11:29,Realização F01 Coleta,closed
Coleta geral da prefeitura de Divinópolis,802,2021-10-15 13:50:30,2021-10-22 14:11:19,Realização F01 Coleta,closed
Issue 764 - Travamento do scrapy em coletas dinâmicas ,800,2021-10-14 16:11:56,2021-11-19 11:03:02,,closed
Issue 766 - Clique em botões não funciona corretamente,799,2021-10-14 16:01:34,2021-10-21 20:45:21,,closed
Fix PEP 8 errors,797,2021-10-13 21:29:24,2021-10-13 21:29:36,,closed
Issue 516 - Checar se elemento existe na página,796,2021-10-13 21:28:01,2021-10-14 15:32:15,,closed
Coleta de dados dos pagamentos de Pouso Alegre,794,2021-10-09 00:20:20,2021-10-13 14:19:49,externa Realização F01 Coleta,closed
Coleta de dados dos pagamentos de Teófilo Otoni,793,2021-10-08 23:35:50,2021-10-19 14:46:27,externa Realização F01 Coleta,closed
Issue 786 - Erro de 'charset' em coletas dinâmicas,787,2021-10-07 13:22:01,2021-10-27 17:52:06,,closed
Fix PEP 8 errors,780,2021-10-04 16:29:37,2021-10-04 16:29:55,,closed
Issue 767 - Execução de passos em iframes,779,2021-10-04 15:54:52,2021-10-20 14:14:21,,closed
Issue 773 - Passo de digitar não sobrescreve a caixa de texto,774,2021-09-30 03:19:41,2021-10-14 10:04:31,,closed
Issue 743 - Resolve problema com coleta dinâmica em execução no Docker,772,2021-09-28 18:09:08,2021-11-22 16:10:30,,closed
Issue 763 - Corrige bug de comprimento de URL base,765,2021-09-23 14:53:28,2021-09-27 18:15:25,,closed
Fix PEP 8 errors,762,2021-09-23 13:56:22,2021-09-23 13:57:05,,closed
Issue 760 - Atualização do módulo de geração de requisições de coleta da sol. distribuída,761,2021-09-23 13:55:42,2021-11-04 23:59:22,,closed
Fix PEP 8 errors,759,2021-09-21 11:50:13,2021-09-21 11:50:37,,closed
Issue 721 - Registrando logs da sol. distribuída em arquivos,758,2021-09-21 11:49:17,2021-10-06 11:23:31,,closed
Coleta geral do portal de transparência de Pará de Minas.,757,2021-09-20 18:41:05,2021-09-22 19:14:29,externa Realização F01 Coleta,closed
Fix PEP 8 errors,756,2021-09-18 17:54:04,2021-09-18 17:54:18,,closed
"Issue 720 - ""Dockerização"" da solução distribuída e criação de docker-compose",755,2021-09-18 17:53:11,2021-10-02 11:43:06,,closed
Fix PEP 8 errors,754,2021-09-17 17:37:44,2021-09-17 17:38:58,,closed
Issue 727 - Corrige bugs durante coleta de páginas dinâmicas na solução distribuída,753,2021-09-17 17:35:21,2021-10-05 12:57:32,,closed
Coleta geral do portal de transparência de Pouso Alegre. #682 ,751,2021-09-16 14:32:37,2021-09-30 12:56:11,externa Realização F01 Coleta,closed
Coleta geral do portal de transparência de Congonhas.,749,2021-09-15 17:20:07,2021-09-16 16:41:21,externa Realização F01 Coleta,closed
Coleta geral do portal de transparência de Ipatinga.,748,2021-09-15 14:30:32,2021-09-16 16:41:21,externa Realização F01 Coleta,closed
Fix PEP 8 errors,747,2021-09-14 19:24:08,2021-09-14 19:24:19,,closed
Issue 718 - Adicionar mecanismos de debug ao coletor dinâmico (screenshot),746,2021-09-14 19:16:13,2021-09-21 20:19:26,,closed
Issue 740 - Atualiza e uniformiza versão do Pyppeteer em arquivos setup.py,741,2021-09-13 19:22:26,2021-09-21 11:49:11,,closed
Fix PEP 8 errors,738,2021-09-06 19:41:29,2021-09-06 19:41:41,,closed
Issue 736 - Corrige bug de que conteúdo de iframes não são salvos,737,2021-09-06 19:40:46,2021-10-07 12:03:20,,closed
Issue 700 - Adiciona o passo 'Abrir em Nova aba' e 'Fechar Aba',717,2021-08-25 07:16:40,2021-09-01 23:38:59,,closed
[ISSUE-714] - Correção de reescrita de download de arquivos de mesmo nome,716,2021-08-24 14:13:57,2021-08-26 15:00:05,,closed
Issue 711 - Atualiza README do repositório,712,2021-08-16 20:04:01,2021-08-18 14:19:58,,closed
Coleta de Quadro Comparativo de Preços no site Fiscalizando com TCE,710,2021-08-12 18:17:36,2021-09-10 11:53:46,externa Coleta,closed
Issue 699 - Adição da função 'Extrair Texto' no mecanismo de passos,709,2021-08-12 04:14:36,2021-09-01 23:41:08,,closed
Issue 698 - Inclusão da função 'Atribuição' na interface do mecanismo de passos,708,2021-08-12 02:25:13,2021-09-02 14:50:23,,closed
Fix PEP 8 errors,706,2021-08-11 18:36:16,2021-08-11 18:36:45,,closed
Issue 704 -  Erro na inferência de limites de busca,705,2021-08-11 18:34:21,2021-08-18 01:35:14,,closed
Issue 446 - usabilidade e funcionamento da interface de passos,701,2021-08-06 16:35:50,2021-08-17 00:17:53,step by step usabilidade,closed
Issue 645 - Inclusão da função 'Object' no mecanismo de passos,697,2021-08-05 12:21:49,2021-08-11 17:37:15,,closed
Issue 436 - Solução Distribuída,695,2021-08-04 18:14:30,2021-09-01 22:20:40,,closed
Issue 692 - Corrige requerimentos do módulo 'crawling_utils',693,2021-08-04 03:15:05,2021-08-04 18:39:35,,closed
Issue 436 - Solução distribuída,691,2021-08-03 18:27:35,2021-08-04 16:34:28,,closed
Especificação de coleta geral do portal de transparência de Divinópolis.,689,2021-08-02 13:42:45,2021-08-26 14:42:24,Alta externa Coleta,closed
Especificação de coleta geral do portal de transparência de Pará de Minas.,688,2021-08-02 13:35:03,2021-08-19 03:14:26,Alta externa Coleta,closed
Especificação de coleta geral do portal de transparência de Congonhas.,687,2021-08-02 13:32:39,2021-08-18 22:50:09,Alta externa Coleta,closed
Especificação de coleta geral do portal de transparência de Paracatu.,686,2021-08-02 13:30:32,2021-08-26 15:52:31,Alta externa Coleta,closed
Especificação de coleta geral do portal de transparência de Varginha.,685,2021-08-02 13:28:22,2021-11-08 22:25:48,Alta externa Coleta,closed
Especificação de coleta geral do portal de transparência de Teófilo Otoni.,683,2021-08-02 13:21:23,2021-08-19 14:05:18,Alta externa Coleta,closed
Especificação de coleta geral do portal de transparência de Pouso Alegre.,682,2021-08-02 13:16:51,2021-08-18 22:41:56,Alta externa Coleta,closed
Especificação de coleta geral do portal de transparência de Ipatinga.,681,2021-08-02 13:10:56,2021-08-19 03:28:49,Alta externa Coleta,closed
Issue 679 - Suporte para XPaths mais complexos no passo de clique,680,2021-07-29 16:47:36,2021-08-04 23:06:29,,closed
Coleta de dados das licitações do portal de transparência de Ijaci,677,2021-07-28 19:44:02,2021-12-03 13:41:16,M03 Alta externa Coleta,closed
Coleta de dados das licitações do portal de transparência de Itabirito,673,2021-07-28 01:54:29,2021-10-30 00:57:04,M03 Alta externa Coleta,closed
Coleta de dados das licitações do portal de transparência de Monte Alegre,672,2021-07-28 01:45:15,2021-10-25 16:18:35,M03 Alta externa Coleta,closed
Coleta de dados das licitações do portal de transparência de Uberaba,667,2021-07-27 17:13:14,2021-11-02 23:38:29,M03 Alta externa Coleta,closed
Issue 627 - Corrige bug de codificação de páginas coletadas,666,2021-07-26 18:30:25,2021-08-30 16:23:23,,closed
Coleta dos Relatórios Fiscais de Paracatu (Já foi pedido em outra especificação),665,2021-07-26 13:29:57,2021-07-26 13:38:40,Coleta,closed
Coleta de dados de despesas públicas da prefeitura de Congonhas.,653,2021-07-23 12:06:26,2021-10-15 13:29:10,externa Realização F01 Coleta,closed
Coleta de dados de RGF e RREO da prefeitura de Congonhas.,652,2021-07-23 11:43:05,2021-11-03 14:05:47,externa Coleta,closed
Coleta de dados de Empenhos de Teófilo Otoni,648,2021-07-22 12:56:17,2021-10-19 14:46:39,externa Realização F01 Coleta,closed
Coleta de dados dos empenhos de Pouso Alegre,646,2021-07-22 12:41:58,2021-10-13 14:18:54,reCaptcha externa Realização F01 Coleta,closed
Coleta de dados de Licitações de Congonhas,643,2021-07-21 16:31:30,2021-10-29 13:44:20,Alta externa Coleta,closed
 Coleta de dados dos empenhos do portal de transparência de Ipatinga.,642,2021-07-21 13:52:15,2021-10-14 00:25:06,externa Realização F01 Coleta,closed
Coleta de dados das Leis Orçamentárias e Leis de Responsabilidade Fiscal de Varginha. ,639,2021-07-21 13:24:27,2021-11-05 04:57:20,externa Coleta,closed
Coleta de dados geral do portal de transparência de Uberaba.,636,2021-07-21 12:15:55,2021-09-02 02:41:18,Alta externa Coleta,closed
Coleta de dados de Licitações de Pouso Alegre,634,2021-07-20 15:18:42,2021-10-11 13:50:03,Alta externa Realização F01 Coleta,closed
Coleta de dados da TAG licitações do portal de transparência de Passos.,632,2021-07-20 14:35:25,2021-10-07 13:46:14,Alta externa [B] Download Dinâmico Realização F01 Coleta,closed
Coleta de dados da TAG licitações do portal de transparência de Teófilo Otoni.,631,2021-07-20 14:27:14,2021-11-08 15:17:45,Alta externa [B] Download Dinâmico Realização F01 Coleta,closed
Coleta de dados da TAG licitações do portal de transparência de Ipatinga.,630,2021-07-20 14:04:06,2021-08-03 20:10:15,Alta externa [B] Download Dinâmico Coleta,closed
Fix PEP 8 errors,611,2021-07-16 02:29:57,2021-07-16 02:30:12,,closed
Issue 528 - Seleção de formulários durante detecção,610,2021-07-16 01:10:45,2021-08-12 16:36:03,,closed
Coleta de dados geral do portal de transparência da prefeitura de Montes Claros.,600,2021-07-15 13:20:04,2021-08-31 19:10:28,Alta externa Coleta,closed
Coleta da Legislação de Montes Claros,599,2021-07-15 12:48:31,2021-09-22 20:41:34,externa Coleta,closed
Coleta de dados das Informações sobre licitações de Montes Claros ,589,2021-07-14 13:44:15,2021-11-04 17:43:24,Alta externa Coleta,closed
Coleta de dados geral do portal de transparência da prefeitura de Betim.,583,2021-07-14 11:41:18,2021-09-09 17:02:55,Alta externa Coleta,closed
Coleta de dados de Convênios de Montes Claros,582,2021-07-13 15:08:22,2021-09-22 20:21:05,externa Coleta,closed
Coleta de dados de Compras e Licitações do portal de transparência da prefeitura de Betim.,579,2021-07-13 13:35:38,2021-09-24 01:00:01,Alta externa [B] Download Dinâmico Realização F01 Coleta,closed
Coleta de dados de contratos do portal de transparência da prefeitura de Betim.,578,2021-07-13 13:32:29,2021-10-08 13:47:23,externa Realização F01 Coleta,closed
Coleta de dados das Leis Orçamentárias de Betim ,577,2021-07-13 13:09:48,2021-07-19 14:26:38,externa Coleta,closed
Coleta de dados de informações institucionais do portal de transparência da prefeitura de Betim.,576,2021-07-13 13:08:47,2021-09-22 20:05:45,externa Coleta,closed
 Coleta de dados do plano de metas do portal de transparência de Betim ,574,2021-07-12 14:41:33,2021-07-15 11:52:23,externa Coleta,closed
 Coleta de dados da prestação de contas de Betim ,570,2021-07-12 12:58:16,2021-07-14 20:24:44,externa Coleta,closed
Fix PEP 8 errors,565,2021-07-11 20:09:51,2021-07-11 20:10:05,,closed
Issue 521 - Download de arquivos em páginas dinâmicas.,564,2021-07-11 20:07:55,2021-07-27 20:18:19,,closed
Coleta de dados das licitações do portal de transparência de Juiz de Fora,561,2021-07-08 19:55:58,2021-10-06 20:16:22,Alta externa Realização F01 Coleta,closed
Coleta de dados de Atendimentos de Unidades do portal de transparência de Juiz de Fora.,557,2021-07-08 13:02:14,2021-07-08 13:22:45,Coleta,closed
Issue 552 - Remove importação da biblioteca pandas,553,2021-07-07 21:58:07,2021-07-09 17:44:53,,closed
Fix PEP 8 errors,551,2021-07-07 21:13:16,2021-07-07 21:14:54,,closed
Issue 437 - Containerização do File Descriptor,550,2021-07-07 21:12:36,2021-08-04 02:42:33,,closed
Issue 542-543 - Cria passo de localizar elementos e de voltar página.,547,2021-07-07 14:12:52,2021-07-28 12:37:10,,closed
Coleta de dados das leis municipais de Uberlândia. ,546,2021-07-07 13:07:51,2021-07-15 14:16:54,externa Coleta,closed
Coleta geral do portal de transparência da prefeitura de Uberlândia.,545,2021-07-07 12:32:30,2021-09-15 14:12:48,externa Realização F01 Coleta,closed
Coleta das listas de medicamentos da CMED/ANVISA,544,2021-07-07 12:25:35,2021-07-14 18:52:29,externa Coleta,closed
 Coleta de dados das contas públicas da prefeitura de Uberlândia.,540,2021-07-06 14:45:06,2021-07-15 17:21:33,externa Coleta,closed
Coleta de dados de informações municipais do portal de transparência de Uberlândia.,539,2021-07-06 14:26:48,2021-07-29 16:47:06,externa Coleta,closed
 Coleta de dados dos concursos públicos da prefeitura de Uberlândia. ,534,2021-07-06 12:23:57,2021-07-13 18:20:56,externa Coleta,closed
Fix PEP 8 errors,526,2021-06-24 13:55:18,2021-06-24 13:56:00,,closed
Fix PEP 8 errors,525,2021-06-23 17:20:12,2021-06-23 17:21:08,,closed
Fix PEP 8 errors,524,2021-06-23 15:09:00,2021-06-23 15:20:35,,closed
Issue 451 - Adiciona filtro de urls quebradas no download de arquivos,523,2021-06-23 15:06:51,2021-06-29 16:42:25,,closed
Issue-514 - Adiciona mecanismo indicador de passos,522,2021-06-22 16:16:25,2021-06-29 16:22:32,step by step usabilidade,closed
Fix PEP 8 errors,520,2021-06-22 01:12:40,2021-06-22 01:13:46,,closed
Issue 509 - Adiciona injeção de parâmetros em formulários,519,2021-06-22 00:19:48,2021-07-01 16:58:39,,closed
"Issue 485 - Refatora o passo de ""Para Cada"" (for each)",517,2021-06-17 13:28:42,2021-07-01 15:29:09,,closed
Issue #495 - Diminuir listagem de instâncias de execução,513,2021-06-16 18:47:16,2021-06-17 00:43:57,,closed
Fix PEP 8 errors,512,2021-06-15 23:29:49,2021-06-15 23:30:21,,closed
Issue 510 - Adiciona novos injetores de parâmetros,511,2021-06-15 23:29:15,2021-06-28 22:07:45,,closed
Coleta de páginas html do Portal de Transparência de Governador Valadares.,506,2021-06-09 12:39:58,2021-06-16 18:43:23,externa sprint-106 Coleta,closed
Coleta de dados da Estrutura Organizacional de Governador Valadares.,505,2021-06-08 13:39:04,2021-06-16 14:29:06,externa sprint-106 Coleta,closed
Coleta de dados das contas públicas de Governador Valadares.,503,2021-06-08 12:04:25,2021-06-16 18:41:16,externa sprint-106 Coleta,closed
Issue 477 - Corrigindo cssify ,502,2021-06-03 14:31:17,2021-06-07 17:23:33,,closed
Issue 432 - Dockerização do banco de dados,501,2021-06-03 12:57:23,2021-06-22 13:33:37,,closed
Coleta de dados das receitas da prefeitura de Governador Valadares.,500,2021-06-02 15:41:14,2021-10-06 14:33:37,externa sprint-107 Coleta,closed
Coleta de dados dos concursos públicos da prefeitura de Governador Valadares.,498,2021-06-02 13:08:22,2021-06-09 21:54:48,externa sprint-105 Coleta,closed
Coleta de dados das licitações da prefeitura de Governador Valadares.,497,2021-06-02 13:02:44,2021-06-09 13:44:39,externa sprint-105 Coleta,closed
Nova coleta de documentos de licitações do município de Itamarati de Minas/MG,489,2021-06-01 15:47:22,2021-06-30 23:54:44,externa sprint-106 Coleta,closed
Coleta de dados dos pagamentos de servidores da prefeitura de Governador Valadares.,487,2021-06-01 14:33:01,2021-10-06 17:50:08,externa Coleta,closed
Remoção dos Módulos de Tratamento,484,2021-05-26 20:22:22,2021-06-24 15:34:49,,closed
Issue 436 - Uso de coletores distribuídos,476,2021-05-19 22:30:02,2021-06-04 14:21:40,,closed
Fix PEP 8 errors,475,2021-05-18 22:56:02,2021-05-18 22:56:12,,closed
Issue 435 - Cria primeira iteração do servidor web dockerizado,474,2021-05-18 22:55:34,2021-05-26 18:52:03,,closed
Coleta de documentos de obras TCE-MG,472,2021-05-17 21:17:19,2021-06-25 20:21:42,externa sprint-106 Coleta,closed
Issue 443 - Resolve erro por scrapy_puppeteer desatualizado,470,2021-05-12 19:39:17,2021-05-12 20:04:56,,closed
Fix PEP 8 errors,468,2021-05-11 04:50:10,2021-05-11 04:50:32,,closed
Issue 443 - Investigar problemas com testes falhando em PR no Github,467,2021-05-11 04:49:41,2021-05-12 19:19:58,,closed
Portal Transparência Governador Valadares,463,2021-05-06 17:27:30,2021-06-09 13:40:27,sprint-103 sprint-104 sprint-105 Coleta,closed
Fix PEP 8 errors,461,2021-05-04 12:39:15,2021-05-04 12:39:31,,closed
Issue-445/459: Corrige filtro por extensão de arquivos e habilita a opção de checar o tamanho dos arquivos a serem baixados,460,2021-05-04 12:38:26,2021-06-09 22:40:11,,closed
Fix PEP 8 errors,458,2021-04-30 20:51:47,2021-04-30 20:52:51,,closed
Botão Exportar Configurações,457,2021-04-30 20:45:42,2021-06-22 15:52:20,,closed
Portal Transparência Sete Lagoas,456,2021-04-29 17:38:41,2021-11-03 14:06:10,Alta sprint-104 sprint-105 sprint-106 Coleta,closed
Portal Transparência Juiz de Fora,442,2021-04-27 17:47:37,2021-11-02 19:27:53,Baixa Coleta,closed
Portal Transparência Belo Horizonte,441,2021-04-27 17:46:25,2021-06-30 18:30:14,Alta sprint-102 sprint-103 sprint-104 sprint-105 sprint-106 sprint-107 Coleta,closed
Issue 312-313 - Adicionando tratamento de páginas dinâmicas e mecanismo de passos no coletor,440,2021-04-26 12:47:57,2021-05-05 12:32:31,,closed
Coleta - Licitações de Arantina 2021,431,2021-04-14 20:14:36,2021-04-27 18:28:46,Baixa sprint-101 sprint-102 Coleta,closed
Portal AMM (Associação Mineira de Municípios),430,2021-04-14 15:28:16,2021-11-19 03:11:14,Alta Coleta,closed
Issue-428: Corrigir funcionamento mecanismo de download de grandes arquivos,429,2021-04-14 12:26:00,2021-05-12 17:53:57,,closed
Issue 422 - Desenvolver mecanismo de importação de coletores através de arquivos de configuração,427,2021-04-13 17:30:49,2021-04-29 10:50:46,,closed
Issue 423 - Inclusão de Dockerfile para execução standalone do C01,426,2021-04-13 14:14:10,2021-04-15 11:49:38,,closed
Issue 418 - Corrige bug de profundidade máxima de exploração de links,424,2021-04-07 23:39:08,2021-04-29 11:21:41,bug Crawler Alta,closed
Issue 420 - Add Java no READ.ME,421,2021-04-05 19:47:04,2021-04-05 19:51:51,,closed
Update README.md,419,2021-04-01 19:08:58,2021-04-15 13:22:16,,closed
Issue 416 - Corrigindo bug na instalação com update da URL do Kafka,417,2021-03-16 16:41:08,2021-03-16 20:26:09,,closed
