municipio,6/2021,7/2021,9/2021,10/2021,11/2021,12/2021,1/2022,2/2022,3/2022,4/2022,5/2022,6/2022,7/2022,8/2022,9/2022,10/2022
Abaeté,0,0,0,0,0,0,2,0,0,1,3,7,0,0,0,0
Abre Campo,0,0,0,0,0,0,0,0,0,0,0,0,0,0,2,2
Acaiaca,0,0,0,0,0,0,0,0,0,0,0,0,0,0,0,1
Aimorés,0,0,0,0,0,0,0,0,0,0,0,0,0,0,0,1
Aiuruoca,0,0,0,0,0,0,1,1,4,6,3,0,0,1,0,0
Alagoa,0,0,0,0,0,0,0,0,0,0,0,0,4,14,0,0
Alfenas,0,0,0,0,2,0,0,0,0,0,0,0,0,0,0,0
Alfredo Vasconcelos,0,0,0,0,0,0,1,0,0,0,0,0,1,11,5,0
Almenara,0,0,0,0,0,0,0,0,0,0,0,0,0,0,2,2
Alpinópolis,0,0,0,0,0,1,0,0,0,0,0,0,0,0,0,0
Alterosa,0,0,0,0,2,0,0,1,5,0,1,5,6,2,0,0
Alto Rio Doce,0,0,0,0,1,1,0,2,1,0,1,5,6,2,0,0
Alvarenga,0,0,0,0,0,0,0,0,0,0,0,0,0,0,0,1
Alvinópolis,0,0,0,0,0,2,0,0,0,0,0,0,0,0,0,3
Alvorada de Minas,0,0,0,0,0,0,1,3,4,0,2,0,0,0,0,0
Amparo do Serra,0,0,0,0,0,0,1,2,3,6,3,0,0,1,0,0
Andradas,0,0,0,0,0,1,0,0,0,0,0,0,0,0,5,2
Andrelândia,0,0,0,0,0,0,1,1,3,7,3,0,0,1,0,0
Angelândia,0,0,0,0,0,0,0,0,0,0,0,0,0,0,0,1
Antônio Carlos,0,0,0,0,0,0,1,0,0,0,0,0,1,11,5,0
Antônio Dias,0,0,0,0,0,0,0,0,0,0,0,0,0,0,0,1
Antônio Prado de Minas,0,0,0,0,0,0,0,0,0,0,0,0,3,11,0,0
Aracitaba,0,0,0,0,0,0,1,2,3,6,3,0,0,1,0,0
Araguari,0,0,0,0,0,1,0,0,0,0,0,0,0,0,5,2
Arantina,0,0,0,0,0,0,1,2,3,7,3,0,0,0,0,0
Araponga,0,0,0,0,0,0,0,0,0,0,0,0,0,0,0,3
Araporã,0,0,0,0,1,0,0,0,0,0,0,0,0,0,0,0
Arapuá,0,0,0,0,0,0,1,0,0,0,0,0,0,0,0,0
Araxá,0,0,0,0,0,0,0,0,0,0,0,0,0,3,10,4
Araçaí,0,0,0,0,0,0,0,0,0,0,0,0,3,11,0,0
Araçuaí,0,0,0,0,0,0,0,0,0,0,0,0,0,0,0,1
Araújos,0,0,0,0,0,0,0,0,0,0,0,0,3,11,0,0
Arceburgo,0,0,0,0,0,0,0,0,0,0,0,0,0,0,0,3
Argirita,0,0,0,0,0,0,0,0,0,0,0,0,0,0,0,1
Aricanduva,0,0,0,0,0,0,0,2,5,0,3,0,0,0,0,0
Arinos,0,0,0,0,0,0,1,0,0,1,3,7,0,0,0,0
Astolfo Dutra,0,0,0,0,0,0,1,1,3,7,3,0,0,1,0,0
Ataléia,0,0,0,0,0,0,1,0,0,0,0,0,0,0,0,0
Augusto de Lima,0,0,0,0,0,0,1,2,5,0,2,0,0,0,0,0
Bandeira,0,0,0,0,0,0,0,1,0,0,0,0,0,0,0,0
Bandeira do Sul,0,0,0,0,0,2,0,2,3,0,1,5,6,2,0,0
Barbacena,0,0,0,0,0,0,0,0,0,0,0,0,0,0,0,0
Barra Longa,0,0,0,0,0,0,1,2,3,6,3,0,0,1,0,0
Barroso,0,0,0,0,0,0,1,0,0,0,0,0,1,10,6,0
Barão de Cocais,0,0,0,0,0,0,0,0,0,0,0,0,0,0,0,1
Bela Vista de Minas,0,0,0,0,0,0,0,0,0,0,0,0,0,0,0,1
Belmiro Braga,0,0,0,0,0,0,1,2,3,6,3,0,0,1,0,0
Belo Horizonte,0,0,0,0,0,0,0,0,0,0,1,0,0,0,0,0
Belo Oriente,0,0,0,0,0,0,0,0,0,0,0,0,0,0,0,1
Belo Vale,0,0,0,0,0,0,1,0,0,0,0,0,1,11,5,0
Berilo,0,0,0,0,0,0,1,3,4,0,2,0,0,0,0,0
Berizal,0,0,0,0,0,0,0,0,0,0,0,0,0,0,2,2
Bertópolis,0,0,0,0,0,0,1,0,0,0,0,0,0,0,0,0
Betim,0,3,1,0,1,0,0,0,0,0,0,0,0,0,0,0
Bias Fortes,0,0,0,0,0,0,1,2,4,6,3,0,0,0,0,0
Bicas,0,0,0,0,0,0,0,0,0,0,0,0,0,0,0,1
Biquinhas,0,0,0,0,0,0,2,0,0,1,3,7,0,0,0,0
Bocaina de Minas,0,0,0,0,0,0,1,2,4,6,3,0,0,0,0,0
Bocaiúva,0,0,0,0,0,0,1,2,5,0,2,0,0,0,0,0
Bom Jardim de Minas,0,0,0,0,0,0,1,2,4,7,2,0,0,0,0,0
Bom Jesus da Penha,0,0,0,0,0,0,0,0,0,0,0,0,0,0,0,3
Bom Jesus do Amparo,0,0,0,0,0,0,1,0,0,1,3,7,0,0,0,0
Bom Jesus do Galho,0,0,0,0,0,0,0,0,0,0,0,0,0,0,0,1
Bom Repouso,0,0,0,0,0,0,0,0,0,0,0,0,0,0,0,3
Bonfinópolis de Minas,0,0,0,0,0,0,0,0,0,0,0,0,3,11,0,0
Bonito de Minas,0,0,0,0,0,0,1,2,5,0,2,0,0,0,0,0
Borda da Mata,0,0,0,0,0,0,0,0,0,0,0,0,0,0,0,3
Botelhos,0,0,0,0,1,1,0,4,3,0,1,5,6,2,0,0
Brasilândia de Minas,0,0,0,0,0,0,0,0,0,0,0,0,3,11,0,0
Brasília de Minas,0,0,0,0,0,0,1,2,5,0,2,0,0,0,0,0
Brazópolis,0,0,0,0,0,0,1,0,0,1,3,7,0,0,0,0
Brumadinho,0,0,0,0,0,0,0,0,0,0,0,0,4,14,0,0
Brás Pires,0,0,0,0,0,0,1,2,3,6,3,0,0,1,0,0
Buenópolis,0,0,0,0,0,0,0,0,0,0,0,0,3,11,0,0
Bugre,0,0,0,0,0,0,0,0,0,0,0,0,0,0,0,1
Buritis,0,0,0,0,0,0,1,0,0,1,3,7,0,0,0,0
Cabo Verde,0,0,0,0,0,0,0,0,0,0,0,0,0,0,0,3
Cachoeira Dourada,0,0,0,0,0,1,0,0,0,0,0,0,0,0,5,2
Cachoeira da Prata,0,0,0,0,0,0,0,0,0,0,0,0,3,11,0,0
Cachoeira de Minas,0,0,0,0,0,0,0,0,0,0,0,0,0,0,0,3
Cachoeira de Pajeú,0,0,0,0,0,0,1,3,4,0,2,0,0,0,0,0
Caetanópolis,0,0,0,0,0,0,0,0,0,0,0,0,3,11,0,0
Caiana,0,0,0,0,0,0,0,0,0,0,0,0,0,0,2,2
Cajuri,0,0,0,0,0,0,0,0,0,0,0,0,0,0,0,1
Caldas,0,0,0,0,0,0,0,0,0,0,0,0,0,0,2,2
Camacho,0,0,0,0,0,0,0,0,0,0,0,0,0,13,6,0
Cambuquira,0,0,0,0,2,0,0,0,0,0,0,0,0,0,0,0
Cambuí,0,0,0,0,0,0,0,0,0,0,0,0,0,0,0,1
Campestre,0,0,0,0,0,0,0,0,0,0,0,0,3,11,0,0
Campo Florido,0,0,0,0,0,0,0,0,0,0,0,0,0,3,10,4
Campo do Meio,0,0,0,0,0,0,0,0,0,0,0,0,0,0,0,0
Campos Altos,0,0,0,0,0,0,0,0,0,0,0,0,4,14,0,0
Campos Gerais,0,0,0,0,0,4,0,2,2,0,1,5,6,2,0,0
Canaã,0,0,0,0,0,0,1,1,4,6,3,0,0,1,0,0
Cantagalo,0,0,0,0,0,0,0,1,0,0,0,0,0,0,0,0
Canápolis,0,0,0,0,0,1,0,0,0,0,0,0,0,0,5,2
Caparaó,0,0,0,0,0,0,0,0,0,0,0,0,0,0,2,2
Capela Nova,0,0,0,0,0,0,0,0,0,0,0,0,3,11,0,0
Capelinha,0,0,0,0,0,0,1,2,5,0,2,0,0,0,0,0
Capetinga,0,0,0,0,0,0,0,0,0,0,0,0,0,0,0,1
Capinópolis,0,0,0,0,0,1,0,0,0,0,0,0,0,0,6,2
Capitão Enéas,0,0,0,0,0,0,0,2,5,1,2,0,0,0,0,0
Caputira,0,0,0,0,0,0,0,0,0,0,0,0,0,0,0,3
Caranaíba,0,0,0,0,0,0,0,0,0,0,0,0,1,11,6,0
Carandaí,0,0,0,0,0,0,1,0,0,0,0,0,1,10,6,0
Caraí,0,0,0,0,0,0,1,0,0,0,0,0,0,0,0,0
Carbonita,0,0,0,0,0,0,0,0,0,0,0,0,0,0,2,2
Careaçu,0,0,0,0,0,0,1,0,0,0,0,0,1,11,4,1
Carlos Chagas,0,0,0,0,0,0,0,0,0,0,0,0,3,11,0,0
Carmo de Minas,0,0,0,0,0,0,1,1,3,7,3,0,0,1,0,0
Carmo do Paranaíba,0,0,0,0,0,0,0,0,0,0,0,0,0,3,10,4
Carmo do Rio Claro,0,0,0,0,0,1,0,0,0,0,0,0,0,0,0,0
Carneirinho,0,0,0,0,0,1,0,0,0,0,0,0,0,0,6,2
Carrancas,0,0,0,0,0,0,1,0,0,0,0,0,1,11,5,0
Carvalhópolis,0,0,0,0,0,0,0,0,0,0,0,0,0,0,0,3
Casa Grande,0,0,0,0,0,0,1,0,0,0,0,0,1,12,4,0
Cascalho Rico,0,0,0,0,0,0,0,0,0,0,0,0,0,3,10,4
Cataguases,0,0,0,0,0,2,0,5,2,0,1,5,6,2,0,0
Catas Altas da Noruega,0,0,0,0,0,0,1,0,0,0,0,0,1,11,5,0
Catuti,0,0,0,0,0,0,1,2,5,0,2,0,0,0,0,0
Caxambu,0,0,0,0,0,1,0,0,0,0,0,0,0,0,5,2
Cedro do Abaeté,0,0,0,0,0,0,1,0,0,1,3,7,0,0,0,0
Central de Minas,0,0,0,0,0,0,0,0,0,0,0,0,0,0,2,2
Centralina,0,0,0,0,0,0,0,0,0,0,0,0,0,3,10,4
Chalé,0,0,0,0,0,0,0,0,0,0,0,0,3,11,0,0
Chapada Gaúcha,0,0,0,0,0,1,0,3,4,0,2,0,0,0,0,0
Chapada do Norte,0,0,0,0,0,0,1,0,0,0,0,0,0,0,0,0
Chiador,0,0,0,0,0,0,1,2,3,6,3,0,0,1,0,0
Chácara,0,0,0,0,0,0,1,2,3,6,3,0,0,1,0,0
Cipotânea,0,0,0,0,0,0,1,2,3,7,3,0,0,0,0,0
Claraval,0,0,0,0,0,0,0,0,0,0,0,0,0,0,0,3
Claro dos Poções,0,0,0,0,0,0,0,3,4,0,3,0,0,0,0,0
Cláudio,0,0,0,0,0,2,0,6,2,0,1,5,6,2,0,0
Coimbra,0,0,0,0,0,0,1,2,3,6,3,0,0,1,0,0
Coluna,0,0,0,0,0,0,1,2,5,0,2,0,0,0,0,0
Conceição da Aparecida,0,0,0,0,0,2,0,0,0,0,0,0,1,7,0,0
Conceição da Barra de Minas,0,0,0,0,0,0,1,0,0,0,0,0,1,11,5,0
Conceição das Alagoas,0,0,0,0,0,0,0,0,0,0,0,0,0,3,10,4
Conceição de Ipanema,0,0,0,0,0,0,0,0,0,0,0,0,0,0,0,1
Conceição do Mato Dentro,0,0,0,0,0,0,0,0,0,0,0,0,3,11,0,0
Conceição dos Ouros,0,0,0,0,0,0,1,0,0,0,0,0,1,12,4,0
Confins,0,0,0,0,0,0,0,0,0,0,0,0,4,14,0,0
Congonhas,0,0,1,2,4,2,0,1,4,0,0,6,6,2,0,0
Congonhas do Norte,0,0,0,0,0,0,0,0,0,0,0,0,0,0,2,2
Conquista,0,0,0,0,0,1,0,0,0,0,0,0,0,0,5,2
Consolação,0,0,0,0,0,0,1,0,0,1,3,7,0,0,0,0
Coração de Jesus,0,0,0,0,0,0,1,2,5,0,2,0,0,0,0,0
Cordisburgo,0,0,0,0,0,0,0,0,0,0,0,0,0,0,2,2
Corinto,0,0,0,0,0,0,0,0,0,0,0,0,3,11,0,0
Coroaci,0,0,0,0,0,0,1,0,0,0,0,0,0,0,0,0
Coronel Fabriciano,0,0,0,0,0,0,1,0,0,0,0,0,0,0,5,2
Coronel Pacheco,0,0,0,0,0,0,1,1,3,7,3,0,0,1,0,0
Coronel Xavier Chaves,0,0,0,0,0,0,1,0,0,0,0,0,1,11,5,0
Couto de Magalhães de Minas,0,0,0,0,0,0,1,2,5,0,2,0,0,0,0,0
Cristais,0,0,0,0,0,0,0,0,0,0,0,0,4,14,0,0
Cristina,0,0,0,0,0,0,1,2,3,6,3,0,0,1,0,0
Cristália,0,0,0,0,0,0,0,2,5,1,2,0,0,0,0,0
Cruzeiro da Fortaleza,0,0,0,0,0,0,0,0,0,0,0,0,0,2,11,4
Cruzília,0,0,0,0,0,0,1,2,3,6,3,0,0,1,0,0
Cuparaque,0,0,0,0,0,0,1,0,0,0,0,0,0,0,0,0
Curral de Dentro,0,0,0,0,0,0,1,2,5,0,2,0,0,0,0,0
Cássia,0,0,0,0,0,0,0,0,0,0,0,0,0,0,0,1
Córrego Danta,0,0,0,0,0,0,0,0,0,0,0,0,3,11,0,0
Córrego Fundo,0,0,0,0,0,0,0,0,0,0,0,0,3,11,0,0
Córrego Novo,0,0,0,0,0,0,0,0,0,0,0,0,0,0,0,1
Córrego do Bom Jesus,0,0,0,0,0,0,0,0,0,0,0,0,0,0,0,3
Datas,0,0,0,0,0,0,1,2,5,0,2,0,0,0,0,0
Descoberto,0,0,0,0,0,0,1,0,0,0,0,0,1,10,6,0
Desterro de Entre Rios,0,0,0,0,0,0,0,0,0,0,0,0,3,11,0,0
Desterro do Melo,0,0,0,0,0,0,0,0,0,0,0,0,3,11,0,0
Diamantina,0,0,0,0,1,0,0,0,0,0,0,0,0,0,0,0
Diarias,0,0,0,0,0,0,0,0,0,1,0,0,0,0,0,0
Diogo de Vasconcelos,0,0,0,0,0,0,1,2,3,7,3,0,0,0,0,0
Dionísio,0,0,0,0,0,0,0,0,0,0,0,0,0,0,0,1
Divino das Laranjeiras,0,0,0,0,0,0,0,0,0,0,0,0,0,0,2,2
Divinésia,0,0,0,0,0,0,0,0,0,0,0,0,4,14,0,0
Divinópolis,0,0,0,1,4,0,1,0,0,0,0,0,0,0,5,2
Divisa Alegre,0,0,0,0,0,0,1,2,5,0,2,0,0,0,0,0
Divisópolis,0,0,0,0,0,0,1,2,5,0,2,0,0,0,0,0
Dom Bosco,0,0,0,0,0,0,0,0,0,0,0,0,3,11,0,0
Dom Cavati,0,0,0,0,0,0,0,0,0,0,0,0,0,0,0,1
Dom Joaquim,0,0,0,0,0,0,0,0,0,0,0,0,3,11,0,0
Dom Silvério,0,0,0,0,0,0,2,0,0,1,3,7,0,0,0,0
Dom Viçoso,0,0,0,0,0,0,1,2,4,6,3,0,0,0,0,0
Dores de Campos,0,0,0,0,0,0,1,0,0,0,0,0,1,12,4,0
Dores de Guanhães,0,0,0,0,0,0,0,0,0,0,1,0,0,0,0,0
Dores do Indaiá,0,0,0,0,0,1,0,0,0,0,0,0,0,0,5,2
Doresópolis,0,0,0,0,0,0,0,0,0,0,0,0,3,11,0,0
Durandé,0,0,0,0,1,0,0,0,0,0,0,0,0,0,0,0
Elói Mendes,0,0,0,0,0,0,0,0,0,0,0,0,0,0,0,0
Engenheiro Caldas,0,0,0,0,0,0,0,0,0,0,0,0,0,0,0,1
Engenheiro Navarro,0,0,0,0,0,1,0,3,4,0,2,0,0,0,0,0
Entre Rios de Minas,0,0,0,0,0,0,1,0,0,0,0,0,1,11,5,0
Ervália,0,0,0,0,0,0,1,0,0,0,0,0,1,10,6,0
Espera Feliz,0,0,0,0,0,0,0,0,0,0,0,0,0,0,2,2
Espinosa,0,0,0,0,0,0,1,2,5,0,2,0,0,0,0,0
Estiva,0,0,0,0,0,0,0,0,0,0,0,0,0,0,0,3
Estrela Dalva,0,0,0,0,0,0,1,2,3,7,3,0,0,0,0,0
Estrela do Sul,0,0,0,0,0,0,0,0,0,0,0,0,0,3,10,4
Ewbank da Câmara,0,0,0,0,0,0,1,2,4,6,3,0,0,0,0,0
Extrema,0,0,0,0,0,0,0,0,0,0,0,0,0,0,2,2
Faria Lemos,0,0,0,0,0,0,0,0,0,0,0,0,0,0,2,2
Felisburgo,0,0,0,0,0,0,0,0,0,0,0,0,3,11,0,0
Felício dos Santos,0,0,0,0,0,0,1,2,5,0,2,0,0,0,0,0
Fernandes Tourinho,0,0,0,0,0,0,0,0,0,0,0,0,0,0,0,1
Fervedouro,0,0,0,0,0,0,1,2,2,7,3,0,0,1,0,0
Formiga,0,0,0,0,0,2,0,1,5,0,1,5,6,2,0,0
Fortaleza de Minas,0,0,0,0,0,0,0,0,0,0,0,0,0,0,2,2
Fortuna de Minas,0,0,0,0,0,0,0,0,0,0,0,0,3,11,0,0
Francisco Badaró,0,0,0,0,0,0,1,3,4,0,2,0,0,0,0,0
Francisco Sá,0,0,0,0,0,0,1,2,5,0,2,0,0,0,0,0
Frei Gaspar,0,0,0,0,0,0,1,0,0,0,0,0,0,0,0,0
Frei Lagonegro,0,0,0,0,0,0,1,3,4,0,2,0,0,0,0,0
Fronteira dos Vales,0,0,0,0,0,0,1,0,0,0,0,0,0,0,0,0
Fruta de Leite,0,0,0,0,0,0,1,2,5,0,2,0,0,0,0,0
Frutal,0,0,0,0,0,1,0,0,0,0,0,0,0,0,5,2
Funilândia,0,0,0,0,0,0,0,0,0,0,0,0,3,11,0,0
Galiléia,0,0,0,0,0,0,0,0,0,0,0,0,0,0,2,2
Gameleiras,0,0,0,0,0,0,1,3,4,0,2,0,0,0,0,0
Glaucilândia,0,0,0,0,0,0,1,2,5,0,2,0,0,0,0,0
Gonzaga,0,0,0,0,0,0,0,0,0,0,0,0,0,0,2,2
Gouveia,0,0,0,0,0,0,1,2,5,0,2,0,0,0,0,0
Governador Valadares,3,0,0,1,6,0,0,0,0,0,0,0,0,0,0,0
Guanhães,0,0,0,0,0,0,0,0,0,0,0,0,4,14,0,0
Guapé,0,0,0,0,0,0,0,0,0,0,0,0,0,0,0,1
Guaraciaba,0,0,0,0,0,0,0,0,0,0,0,0,0,0,0,3
Guaraciama,0,0,0,0,0,0,1,2,6,0,2,0,0,0,0,0
Guarani,0,0,0,0,0,0,1,2,2,7,3,0,0,1,0,0
Guaranésia,0,0,0,0,2,0,0,0,0,0,0,0,0,0,0,0
Guarará,0,0,0,0,0,0,1,2,3,6,3,0,0,1,0,0
Guaxupé,0,0,0,0,0,1,0,0,0,0,0,0,0,0,5,2
Guimarânia,0,0,0,0,1,0,0,0,0,0,0,0,0,0,0,0
Guiricema,0,0,0,0,0,0,0,0,0,0,0,0,0,0,0,3
Gurinhatã,0,0,0,0,0,1,0,0,0,0,0,0,0,0,5,2
Heliodora,0,0,0,0,0,0,0,0,0,0,0,0,0,0,0,3
Ibertioga,0,0,0,0,0,0,1,2,3,6,3,0,0,1,0,0
Ibiaí,0,0,0,0,0,1,1,2,4,0,2,0,0,0,0,0
Ibituruna,0,0,0,0,0,0,1,0,0,0,0,0,1,12,4,0
Ibiá,0,0,0,0,0,0,0,0,0,0,0,0,3,11,0,0
Igarapé,0,0,0,0,0,1,0,0,0,0,0,0,0,0,0,2
Igaratinga,0,0,0,0,2,0,0,0,0,0,0,0,0,0,0,0
Iguatama,0,0,0,0,0,0,0,0,0,0,0,0,3,11,0,0
Ijaci,0,0,0,0,0,0,2,1,3,0,1,5,6,2,0,0
Imbé de Minas,0,0,0,0,0,0,0,0,0,0,0,0,0,0,0,3
Indaiabira,0,0,0,0,0,0,1,2,5,0,2,0,0,0,0,0
Indianópolis,0,0,0,0,0,0,0,0,0,0,0,0,0,3,10,4
Ingaí,0,0,0,0,0,0,1,0,0,0,0,0,1,11,5,0
Inhapim,0,0,0,0,0,0,0,0,0,0,0,0,0,0,0,1
Ipaba,0,0,0,0,0,0,0,0,0,0,0,0,0,0,0,1
Ipanema,0,0,0,0,0,0,0,0,0,0,0,0,3,11,0,0
Ipatinga,0,0,1,1,3,0,0,0,0,0,0,0,0,0,0,0
Ipuiúna,0,0,0,0,0,0,0,0,0,0,0,0,0,0,0,3
Itabirinha,0,0,0,0,0,0,1,0,0,0,0,0,0,0,0,0
Itabirito,0,0,0,0,0,0,0,0,0,0,0,0,4,14,0,0
Itacambira,0,0,0,0,0,0,0,2,5,1,2,0,0,0,0,0
Itacarambi,0,0,0,0,0,0,1,2,5,0,2,0,0,0,0,0
Itaguara,0,0,0,0,0,0,0,1,3,0,1,5,6,2,0,0
Itaipé,0,0,0,0,0,0,0,1,0,0,0,0,0,0,0,0
Itamarandiba,0,0,0,0,0,0,1,2,5,0,2,0,0,0,0,0
Itambacuri,0,0,0,0,0,0,0,0,0,0,0,0,0,0,2,2
Itamonte,0,0,0,0,1,0,0,0,0,0,0,0,0,0,0,0
Itanhandu,0,0,0,0,0,1,0,0,0,0,0,0,0,0,5,2
Itaobim,0,0,0,0,0,0,0,0,0,0,0,0,0,0,0,1
Itapecerica,0,0,0,0,0,0,1,0,0,1,3,7,0,0,0,0
Itapeva,0,0,0,0,0,0,2,1,3,0,0,6,6,2,0,0
Itatiaiuçu,0,0,0,0,0,2,0,1,5,0,1,5,6,2,0,0
Itaverava,0,0,0,0,0,0,0,0,0,0,0,0,0,13,7,0
Itaú de Minas,0,0,0,0,0,1,0,0,0,0,0,0,0,0,0,0
Itinga,0,0,0,0,0,0,1,2,5,0,2,0,0,0,0,0
Itumirim,0,0,0,0,0,0,1,0,0,0,0,0,1,11,4,0
Iturama,0,0,0,0,0,0,0,0,1,0,0,0,0,3,10,4
Itutinga,0,0,0,0,0,0,1,0,0,0,0,0,1,10,5,0
Jaboticatubas,0,0,0,0,0,0,0,0,0,0,0,0,0,0,2,2
Jacinto,0,0,0,0,0,0,0,0,0,0,0,0,0,0,2,2
Jacutinga,0,0,0,0,0,0,0,0,0,0,0,0,0,0,0,3
Jacuí,0,0,0,0,0,0,0,0,0,0,0,0,0,0,0,3
Jaguaraçu,0,0,0,0,0,0,0,0,0,0,0,0,0,0,0,1
Jampruca,0,0,0,0,0,0,0,0,0,0,0,0,0,0,2,2
Janaúba,0,0,0,0,0,0,1,2,5,0,2,0,0,0,0,0
Januária,0,0,0,0,0,0,0,0,0,0,0,0,0,0,2,2
Jaíba,0,0,0,0,0,0,1,2,5,0,2,0,0,0,0,0
Jeceaba,0,0,0,0,0,0,1,0,0,0,0,0,1,10,6,0
Jenipapo de Minas,0,0,0,0,0,0,1,2,5,0,2,0,0,0,0,0
Jequitaí,0,0,0,0,0,0,1,2,5,0,2,0,0,0,0,0
Jequitinhonha,0,0,0,0,0,0,0,0,0,0,0,0,0,4,0,0
Jesuânia,0,0,0,0,0,0,0,0,0,0,0,0,4,14,0,0
Joanésia,0,0,0,0,0,0,0,0,0,0,0,0,0,0,0,1
Joaquim Felício,0,0,0,0,0,0,1,2,5,0,2,0,0,0,0,0
Joaíma,0,0,0,0,0,0,0,0,0,0,0,0,3,11,0,0
Jordânia,0,0,0,0,0,0,0,1,0,0,0,0,0,0,0,0
Josenópolis,0,0,0,0,0,0,0,2,5,0,3,0,0,0,0,0
José Gonçalves de Minas,0,0,0,0,0,0,0,0,0,0,0,0,0,0,2,2
José Raydan,0,0,0,0,0,0,0,0,0,0,0,0,3,11,0,0
João Monlevade,0,0,0,0,0,0,0,0,0,0,0,0,0,0,2,2
Juiz de Fora,0,0,0,1,0,0,0,0,0,0,0,0,0,0,0,0
Juramento,0,0,0,0,0,0,1,2,5,0,2,0,0,0,0,0
Juruaia,0,0,0,0,0,1,0,0,0,0,0,0,0,0,0,0
Ladainha,0,0,0,0,0,0,0,2,5,0,3,0,0,0,0,0
Lagamar,0,0,0,0,0,0,0,0,0,0,0,0,3,11,0,0
Lagoa Dourada,0,0,0,0,0,0,1,0,0,0,0,0,1,10,6,0
Lagoa Santa,0,0,0,0,0,1,0,0,0,0,0,0,0,0,5,2
Lagoa da Prata,0,0,0,0,0,0,2,1,3,0,0,6,6,2,0,0
Lajinha,0,0,0,0,0,0,0,0,0,0,0,0,0,0,2,2
Lambari,0,0,0,0,0,1,0,0,0,0,0,0,0,0,0,0
Lamim,0,0,0,0,0,0,1,2,3,6,3,0,0,1,0,0
Laranjal,0,0,0,0,0,0,1,2,3,7,3,0,0,0,0,0
Lassance,0,0,0,0,0,0,0,0,0,0,0,0,4,14,2,0
Lavras,0,0,0,0,0,1,0,0,0,0,0,0,0,0,6,2
Liberdade,0,0,0,0,0,0,0,0,0,0,0,0,0,0,2,2
Lima Duarte,0,0,0,0,0,0,1,1,4,6,3,0,0,1,0,0
Lontra,0,0,0,0,0,0,1,2,5,0,2,0,0,0,0,0
Luminárias,0,0,0,0,0,0,1,0,0,0,0,0,1,11,5,0
Luz,0,0,0,0,0,2,0,2,2,0,0,6,6,2,0,0
Machacalis,0,0,0,0,0,0,1,0,0,0,0,0,0,0,0,0
Machado,0,0,0,0,0,0,0,0,0,0,0,0,0,0,0,1
Madre de Deus de Minas,0,0,0,0,0,0,1,2,3,6,3,0,0,1,0,0
Mamonas,0,0,0,0,0,0,1,2,5,0,2,0,0,0,0,0
Manga,0,0,0,0,0,0,0,2,5,1,2,0,0,0,0,0
Manhuaçu,0,0,0,0,0,0,0,0,0,0,0,0,0,0,2,2
Manhumirim,0,0,0,0,0,0,0,0,0,0,0,0,3,11,0,0
Mantena,0,0,0,0,0,2,0,2,2,0,0,6,6,2,0,0
Maravilhas,0,0,0,0,0,0,0,0,0,0,0,0,0,0,0,1
Mariana,0,0,0,0,0,2,0,1,4,0,0,6,6,2,0,0
Marilac,0,0,0,0,0,0,0,1,0,0,0,0,0,0,0,0
Maripá de Minas,0,0,0,0,0,0,1,2,4,6,3,0,0,0,0,0
Marliéria,0,0,0,0,0,0,0,0,0,0,0,0,0,0,0,3
Marmelópolis,0,0,0,0,0,0,1,0,0,1,3,7,0,0,0,0
Martinho Campos,0,0,0,0,0,0,0,0,0,0,0,0,3,11,0,0
Martins Soares,0,0,0,0,0,0,0,0,0,0,0,0,0,0,2,2
Mata Verde,0,0,0,0,0,0,1,2,5,0,2,0,0,0,0,0
Materlândia,0,0,0,0,0,0,1,2,5,0,2,0,0,0,0,0
Matias Cardoso,0,0,0,0,0,0,0,0,0,0,0,0,3,11,0,0
Matipó,0,0,0,0,0,0,0,0,0,0,0,0,0,0,0,3
Mato Verde,0,0,0,0,0,0,1,2,5,0,2,0,0,0,0,0
Matozinhos,0,0,0,0,0,0,0,0,0,0,0,0,3,11,0,0
Medeiros,0,0,0,0,0,0,0,0,0,0,0,0,3,11,0,0
Medina,0,0,0,0,0,0,0,0,0,0,0,0,0,0,0,1
Mercês,0,0,0,0,0,0,1,2,2,7,3,0,0,1,0,0
Mesquita,0,0,0,0,0,0,0,0,0,0,0,0,0,0,0,1
Minduri,0,0,0,0,0,0,1,2,3,6,3,0,0,1,0,0
Mirabela,0,0,0,0,0,0,1,2,5,0,2,0,0,0,0,0
Miravânia,0,0,0,0,0,0,1,2,5,0,2,0,0,0,0,0
Miraí,0,0,0,0,0,0,1,2,3,6,3,0,0,1,0,0
Moeda,0,0,0,0,0,0,0,0,0,0,0,0,0,0,2,2
Moema,0,0,0,0,0,0,0,0,0,0,0,0,0,0,0,3
Monjolos,0,0,0,0,0,0,0,0,0,0,0,0,3,11,0,0
Montalvânia,0,0,0,0,0,0,0,0,0,0,0,0,0,0,2,2
Monte Azul,0,0,0,0,0,0,1,2,5,0,2,0,0,0,0,0
Monte Formoso,0,0,0,0,0,0,0,0,0,0,0,0,0,0,0,1
Monte Sião,0,0,0,0,0,1,0,0,0,0,0,0,0,0,0,0
Montes Claros,0,0,2,2,2,0,0,0,0,0,0,0,0,0,0,0
Montezuma,0,0,0,0,0,0,1,2,5,0,2,0,0,0,0,0
Morada Nova de Minas,0,0,0,0,0,0,0,0,0,0,0,0,3,11,0,0
Morro da Garça,0,0,0,0,0,0,0,0,0,0,0,0,3,11,0,0
Morro do Pilar,0,0,0,0,0,0,0,0,0,0,0,0,0,0,2,2
Munhoz,0,0,0,0,0,0,0,0,0,0,0,0,0,0,0,3
Muriaé,0,0,0,0,0,0,0,0,0,0,0,0,4,14,0,0
Mutum,0,0,0,0,0,0,0,0,0,0,0,0,3,11,0,0
Mário Campos,0,0,0,0,0,0,1,2,5,0,2,0,0,0,0,0
Nacip Raydan,0,0,0,0,0,0,0,0,0,0,0,0,0,0,2,2
Nanuque,0,0,0,0,0,0,0,0,0,0,0,0,0,0,2,2
Naque,0,0,0,0,0,0,0,0,0,0,0,0,0,0,0,1
Natércia,0,0,0,0,0,0,0,0,0,0,0,0,0,0,0,3
Nazareno,0,0,0,0,0,0,1,0,0,0,0,0,1,11,5,0
Nepomuceno,0,0,0,0,0,2,0,0,0,0,0,0,0,0,0,0
Ninheira,0,0,0,0,0,0,0,0,0,0,0,0,0,0,2,2
Nova Era,0,0,0,0,0,0,0,0,0,0,0,0,0,0,0,0
Nova Ponte,0,0,0,0,0,0,0,0,0,0,0,0,0,3,10,4
Nova Porteirinha,0,0,0,0,0,0,0,2,5,0,3,0,0,0,0,0
Nova Resende,0,0,0,0,0,0,0,0,0,0,0,0,0,0,2,2
Nova Serrana,0,0,0,0,0,0,0,0,0,0,0,0,0,0,0,1
Nova União,0,0,0,0,0,0,1,0,0,1,3,7,0,0,0,0
Novo Cruzeiro,0,0,0,0,0,0,1,2,5,0,2,0,0,0,0,0
Novo Oriente de Minas,0,0,0,0,0,0,1,0,0,0,0,0,0,0,0,0
Novorizonte,0,0,0,0,0,0,1,3,4,0,2,0,0,0,0,0
Olaria,0,0,0,0,0,0,1,2,2,8,3,0,0,0,0,0
Olímpio Noronha,0,0,0,0,0,0,0,0,0,0,0,0,4,14,0,0
Onça de Pitangui,0,0,0,0,0,0,0,0,0,0,0,0,3,11,0,0
Oratórios,0,0,0,0,0,0,1,1,4,6,3,0,0,1,0,0
Orizânia,0,0,0,0,0,0,0,0,0,0,0,0,0,0,0,1
Ouro Branco,0,0,0,0,0,2,0,0,0,0,0,0,0,0,0,0
Ouro Fino,0,0,0,0,0,0,0,0,0,0,0,0,0,0,0,3
Ouro Verde de Minas,0,0,0,0,0,0,1,0,0,0,0,0,0,0,0,0
Padre Carvalho,0,0,0,0,0,0,1,2,5,0,2,0,0,0,0,0
Pai Pedro,0,0,0,0,0,0,1,2,5,0,2,0,0,0,0,0
Paineiras,0,0,0,0,0,0,1,0,0,1,3,7,0,0,0,0
Pains,0,0,0,0,0,0,0,0,0,0,0,0,3,11,0,0
Paiva,0,0,0,0,0,0,0,0,0,0,0,0,0,0,0,1
Palma,0,0,0,0,0,0,0,0,0,0,0,0,0,0,0,1
Palmópolis,0,0,0,0,0,0,0,0,0,0,0,0,0,0,2,2
Papagaios,0,0,0,0,0,0,0,0,0,0,0,0,3,11,0,0
Paracatu,0,1,0,1,3,1,0,0,0,0,0,0,0,0,5,2
Paraguaçu,0,0,0,0,0,0,0,1,2,0,1,5,6,2,0,0
Paraisópolis,0,0,0,0,0,0,0,0,0,0,0,0,0,0,0,3
Pará de Minas,0,0,0,4,1,0,0,0,0,0,0,0,0,0,0,0
Passa Quatro,0,0,0,0,0,0,0,0,0,0,0,0,4,14,0,0
Passa Tempo,0,0,0,0,0,0,0,0,0,0,0,0,0,0,0,3
Passa Vinte,0,0,0,0,0,0,1,2,3,7,3,0,0,0,0,0
Passos,0,0,0,0,0,0,0,0,0,0,0,0,0,0,0,0
Patis,0,0,0,0,0,0,1,2,5,0,2,0,0,0,0,0
Patos de Minas,0,0,0,0,0,0,0,0,0,0,0,0,0,3,10,4
Patrocínio do Muriaé,0,0,0,0,0,0,0,0,0,0,0,0,0,0,0,3
Paula Cândido,0,0,0,0,0,0,0,0,1,4,3,0,0,0,0,0
Pavão,0,0,0,0,0,0,0,1,0,0,0,0,0,0,0,0
Pedra Azul,0,0,0,0,0,0,1,2,5,0,2,0,0,0,0,0
Pedra Bonita,0,0,0,0,0,0,0,0,0,0,0,0,0,0,0,3
Pedra Dourada,0,0,0,0,0,0,0,0,0,0,0,0,0,0,0,3
Pedra do Anta,0,0,0,0,0,0,0,0,0,0,0,0,0,0,0,3
Pedra do Indaiá,0,0,0,0,0,0,0,0,0,0,0,0,3,11,0,0
Pedralva,0,0,0,0,0,0,1,0,0,1,3,7,0,0,0,0
Pedrinópolis,0,0,0,0,0,0,0,0,0,0,0,0,0,3,10,4
Pedro Teixeira,0,0,0,0,0,0,1,2,3,6,3,0,0,1,0,0
Pequi,0,0,0,0,0,0,2,0,0,0,0,0,0,0,0,0
Perdigão,0,0,0,0,0,0,0,0,0,0,0,0,3,11,0,0
Perdizes,0,0,0,0,0,0,0,0,0,0,0,0,0,3,10,4
Perdões,0,0,0,0,0,0,0,0,0,0,0,0,3,11,0,0
Periquito,0,0,0,0,0,0,1,0,0,0,0,0,0,0,0,0
Pescador,0,0,0,0,0,0,0,1,0,0,0,0,0,0,0,0
Peçanha,0,0,0,0,0,0,0,0,0,0,0,0,0,0,0,1
Piau,0,0,0,0,0,0,1,2,2,7,3,0,0,1,0,0
Piedade de Caratinga,0,0,0,0,0,0,0,0,0,0,0,0,0,0,0,1
Piedade do Rio Grande,0,0,0,0,0,0,1,0,0,0,0,0,1,10,6,0
Pimenta,0,0,0,0,0,1,0,0,0,0,0,0,0,0,0,0
Pingo d'Água,0,0,0,0,0,0,0,0,0,0,0,0,0,0,0,1
Pintópolis,0,0,0,0,0,0,0,2,5,0,3,0,0,0,0,0
Piracema,0,0,0,0,0,0,0,0,0,0,0,0,0,0,0,1
Pirajuba,0,0,0,0,0,0,2,0,0,0,0,0,0,0,0,0
Piranga,0,0,0,0,0,0,1,2,4,6,3,0,0,0,0,0
Piranguinho,0,0,0,0,0,0,1,0,0,1,3,7,0,0,0,0
Piranguçu,0,0,0,0,0,0,2,0,0,1,3,7,0,0,0,0
Piraúba,0,0,0,0,0,0,0,0,0,0,0,0,0,0,0,3
Pitangui,0,0,0,0,0,0,0,0,0,0,0,0,3,11,0,0
Piumhi,0,0,0,0,0,0,0,0,0,0,0,0,3,11,0,0
Planura,0,0,0,0,2,0,0,0,0,0,0,0,0,0,0,0
Pompéu,0,0,0,0,0,0,0,0,0,0,0,0,0,0,0,1
Ponto Chique,0,0,0,0,0,0,1,2,5,0,2,0,0,0,0,0
Ponto dos Volantes,0,0,0,0,0,0,0,0,0,0,0,0,0,0,0,1
Porteirinha,0,0,0,0,0,0,0,0,0,0,0,0,3,11,0,0
Poté,0,0,0,0,0,0,0,0,0,0,0,0,0,0,2,2
Pouso Alegre,0,0,1,3,1,0,0,0,0,0,0,0,0,0,0,0
Pouso Alto,0,0,0,0,0,0,0,0,0,0,0,0,4,14,0,0
Poço Fundo,0,0,0,0,0,1,0,0,0,0,0,0,0,0,0,0
Poços de Caldas,0,0,0,0,0,1,0,0,0,0,0,0,0,0,5,2
Prados,0,0,0,0,0,0,1,0,0,0,0,0,1,12,4,0
Prata,0,0,0,0,0,1,0,0,0,0,0,0,0,0,5,2
Pratinha,0,0,0,0,0,0,0,0,0,0,0,0,0,3,10,4
Pratápolis,0,0,0,0,1,0,0,0,0,0,0,0,0,0,0,0
Presidente Bernardes,0,0,0,0,0,0,0,0,0,0,0,0,4,14,0,0
Presidente Juscelino,0,0,0,0,0,0,0,0,0,0,0,0,0,0,2,2
Presidente Kubitschek,0,0,0,0,0,1,1,2,4,0,2,0,0,0,0,0
Presidente Olegário,0,0,0,0,0,0,0,0,0,0,0,0,3,11,0,0
Prudente de Morais,0,0,0,0,0,0,0,0,0,0,0,0,3,11,0,0
Página,0,0,0,0,0,0,0,0,0,0,0,1,0,0,0,0
Queluzito,0,0,0,0,0,0,1,0,0,0,0,0,1,10,6,0
Raposos,0,0,0,0,0,1,1,1,4,0,1,5,6,2,0,0
Raul Soares,0,0,0,0,0,0,0,0,0,0,0,0,0,0,0,1
Resende Costa,0,0,0,0,0,0,1,0,0,0,0,0,1,11,5,0
Resplendor,0,0,0,0,0,0,0,0,0,0,0,0,4,14,0,0
Ressaquinha,0,0,0,0,0,0,1,0,0,0,0,0,1,11,5,0
Riachinho,0,0,0,0,0,0,0,0,0,0,0,0,3,11,0,0
Ribeirão Vermelho,0,0,0,0,0,0,0,0,0,0,0,0,3,11,0,0
Rio Acima,0,0,0,0,0,0,1,0,0,0,0,0,1,11,5,0
Rio Casca,0,0,0,0,0,0,2,1,6,0,0,6,6,2,0,0
Rio Doce,0,0,0,0,0,0,2,2,2,0,1,5,6,2,0,0
Rio Espera,0,0,0,0,0,0,1,2,3,6,3,0,0,1,0,0
Rio Novo,0,0,0,0,0,0,1,1,3,7,3,0,0,1,0,0
Rio Paranaíba,0,0,0,0,0,0,0,0,0,0,0,0,0,3,10,4
Rio Pardo de Minas,0,0,0,0,0,0,1,2,5,0,2,0,0,0,0,0
Rio Piracicaba,0,0,0,0,0,0,0,0,0,0,0,0,0,0,2,2
Rio Preto,0,0,0,0,0,0,1,2,3,6,3,0,0,1,0,0
Rio do Prado,0,0,0,0,0,0,0,0,0,0,0,0,0,0,2,2
Ritápolis,0,0,0,0,0,0,1,0,0,0,0,0,1,12,4,0
Rochedo de Minas,0,0,0,0,0,0,1,1,3,8,3,0,0,0,0,0
Rubelita,0,0,0,0,0,0,0,0,0,0,0,0,3,11,0,0
Rubim,0,0,0,0,0,0,0,0,0,0,0,0,0,0,2,2
Sabinópolis,0,0,0,0,0,0,0,0,0,0,0,0,0,0,0,1
Sacramento,0,0,0,0,0,0,2,2,3,0,0,6,6,2,0,0
Salinas,0,0,0,0,0,0,0,0,0,0,0,0,3,11,0,0
Salto da Divisa,0,0,0,0,0,0,0,0,0,0,0,0,0,0,0,1
Santa Bárbara do Leste,0,0,0,0,0,0,0,0,0,0,0,0,0,0,2,2
Santa Bárbara do Tugúrio,0,0,0,0,0,0,1,0,0,0,0,0,1,10,5,0
Santa Cruz de Minas,0,0,0,0,0,0,1,0,0,0,0,0,1,11,5,0
Santa Cruz de Salinas,0,0,0,0,0,0,1,2,5,0,2,0,0,0,0,0
Santa Efigênia de Minas,0,0,0,0,0,0,0,1,0,0,0,0,0,0,0,0
Santa Juliana,0,0,0,0,0,0,0,0,0,0,0,0,0,0,5,2
Santa Margarida,0,0,0,0,0,0,0,0,0,0,0,0,3,11,0,0
Santa Maria de Itabira,0,0,0,0,0,0,0,0,0,0,0,0,0,0,0,1
Santa Maria do Salto,0,0,0,0,0,0,0,0,0,0,0,0,3,11,0,0
Santa Rita de Caldas,0,0,0,0,0,0,0,0,0,0,0,0,0,0,0,3
Santa Rita de Ibitipoca,0,0,0,0,0,0,1,2,3,6,3,0,0,1,0,0
Santa Rita de Minas,0,0,0,0,0,0,0,0,0,0,0,0,0,0,2,2
Santa Rita do Itueto,0,0,0,0,0,0,0,0,0,0,0,0,0,0,2,2
Santa Rita do Sapucaí,0,0,0,0,0,0,0,0,0,0,0,0,0,0,0,3
Santa Rosa da Serra,0,0,0,0,0,0,0,0,0,0,0,0,3,11,0,0
Santa Vitória,0,0,0,0,0,1,0,0,0,0,0,0,0,0,6,2
Santana de Cataguases,0,0,0,0,0,0,0,0,0,0,0,0,0,12,7,1
Santana de Pirapama,0,0,0,0,0,0,0,0,0,0,0,0,3,11,0,0
Santana do Garambéu,0,0,0,0,0,0,1,2,3,7,3,0,0,0,0,0
Santana do Jacaré,0,0,0,0,0,0,1,0,0,0,0,0,1,11,4,1
Santana do Manhuaçu,0,0,0,0,0,0,0,0,0,0,0,0,0,0,2,2
Santana do Riacho,0,0,0,0,0,0,1,2,5,0,2,0,0,0,0,0
Santana dos Montes,0,0,0,0,0,0,1,0,0,0,0,0,1,11,5,0
Santo Antônio do Grama,0,0,0,0,0,0,0,0,0,0,0,0,0,0,0,3
Santo Antônio do Jacinto,0,0,0,0,0,0,0,1,0,0,0,0,0,0,0,0
Santo Antônio do Monte,0,0,0,0,0,0,2,1,3,0,1,5,6,2,0,0
Santo Antônio do Retiro,0,0,0,0,0,0,1,2,5,0,2,0,0,0,0,0
Santo Antônio do Rio Abaixo,0,0,0,0,0,0,0,0,0,0,0,0,3,11,0,0
Santo Hipólito,0,0,0,0,0,0,0,2,5,1,2,0,0,0,0,0
Sapucaí-Mirim,0,0,0,0,0,0,0,0,0,0,0,0,0,0,0,3
Sardoá,0,0,0,0,0,0,1,0,0,0,0,0,0,0,0,0
Sarzedo,0,0,0,0,0,0,2,1,3,0,1,5,6,2,0,0
Senador Cortes,0,0,0,0,0,0,1,2,4,6,2,0,0,0,0,0
Senador Cortês,0,0,0,0,0,0,0,0,0,0,1,0,0,0,0,0
Senador Firmino,0,0,0,0,0,0,1,1,4,6,3,0,0,1,0,0
Senador José Bento,0,0,0,0,0,0,0,0,0,0,0,0,0,0,0,3
Senador Modestino Gonçalves,0,0,0,0,0,0,1,2,5,0,2,0,0,0,0,0
Senhora de Oliveira,0,0,0,0,0,0,1,2,3,7,3,0,0,0,0,0
Senhora do Porto,0,0,0,0,0,0,0,0,0,0,0,0,0,0,2,2
Senhora dos Remédios,0,0,0,0,0,0,1,2,3,6,3,0,0,1,0,0
Sericita,0,0,0,0,0,0,0,0,0,0,0,0,0,0,0,3
Seritinga,0,0,0,0,0,0,1,2,3,6,3,0,0,1,0,0
Serra Azul de Minas,0,0,0,0,0,0,1,2,5,0,2,0,0,0,0,0
Serra do Salitre,0,0,0,0,0,0,0,0,0,0,0,0,0,2,10,4
Serrania,0,0,0,0,0,0,3,0,0,0,0,0,0,0,0,0
Serranos,0,0,0,0,0,0,0,0,0,0,0,0,4,14,2,0
Serranópolis de Minas,0,0,0,0,0,0,0,0,0,0,0,0,3,11,0,0
Serro,0,0,0,0,0,0,1,0,0,1,3,7,0,0,0,0
Sete Lagoas,0,0,0,0,0,0,0,0,0,0,0,0,0,0,0,1
Setubinha,0,0,0,0,0,0,0,0,0,0,1,0,0,0,0,0
Silveirânia,0,0,0,0,0,0,1,0,0,0,0,0,1,11,5,0
Silvianópolis,0,0,0,0,0,0,1,0,0,1,3,7,0,0,0,0
Simonésia,0,0,0,0,0,0,0,0,0,0,0,0,0,0,0,3
Simão Pereira,0,0,0,0,0,0,1,2,3,6,3,0,0,1,0,0
Soledade de Minas,0,0,0,0,0,0,0,0,0,0,0,0,4,14,0,0
São Brás do Suaçuí,0,0,0,0,0,0,1,0,0,0,0,0,1,12,4,0
São Domingos das Dores,0,0,0,0,0,0,0,0,0,0,0,0,0,0,0,3
São Domingos do Prata,0,0,0,0,0,0,0,0,0,0,0,0,0,0,2,2
São Francisco do Glória,0,0,0,0,0,0,0,0,0,0,0,0,0,0,2,2
São Félix de Minas,0,0,0,0,0,0,0,0,0,0,0,0,0,0,2,2
São Geraldo,0,0,0,0,0,0,1,0,0,0,0,0,1,10,6,0
São Geraldo da Piedade,0,0,0,0,0,0,0,0,0,0,0,0,0,0,2,2
São Geraldo do Baixio,0,0,0,0,0,0,0,0,0,0,0,0,0,0,2,2
São Gonçalo do Pará,0,0,0,0,0,0,0,0,0,0,0,0,0,0,0,1
São Gonçalo do Rio Preto,0,0,0,0,0,0,1,2,5,0,2,0,0,0,0,0
São Gotardo,0,0,0,0,0,0,0,0,0,0,0,0,0,3,10,4
São Joaquim de Bicas,0,0,0,0,0,1,0,0,0,0,0,0,0,0,5,2
São José da Barra,0,0,0,0,0,0,0,2,2,0,1,5,6,2,0,0
São José da Lapa,0,0,0,0,0,1,0,0,0,0,0,0,0,0,5,2
São José da Safira,0,0,0,0,0,0,0,0,0,0,0,0,0,0,2,2
São José da Varginha,0,0,0,0,0,0,0,0,0,0,0,0,3,11,0,0
São José do Divino,0,0,0,0,0,0,0,0,0,0,0,0,0,0,2,2
São José do Goiabal,0,0,0,0,0,0,0,0,0,0,0,0,0,0,0,3
São José do Mantimento,0,0,0,0,0,0,0,0,0,0,0,0,0,0,0,1
São João Evangelista,0,0,0,0,0,0,0,1,0,0,0,0,0,0,0,0
São João Nepomuceno,0,0,0,0,0,0,0,0,0,0,0,0,0,0,0,1
São João da Lagoa,0,0,0,0,0,0,1,2,5,0,2,0,0,0,0,0
São João da Mata,0,0,0,0,0,0,1,0,0,1,3,7,0,0,0,0
São João das Missões,0,0,0,0,0,0,0,2,5,0,3,0,0,0,0,0
São João del Rei,0,0,0,0,0,0,1,0,0,0,0,0,1,10,6,0
São João do Manteninha,0,0,0,0,0,0,0,0,0,0,0,0,0,0,2,2
São João do Oriente,0,0,0,0,0,0,0,0,0,0,0,0,0,0,0,1
São João do Pacuí,0,0,0,0,0,0,1,2,5,0,2,0,0,0,0,0
São João do Paraíso,0,0,0,0,0,0,0,0,0,0,0,0,0,0,2,2
São Lourenço,0,0,0,0,0,0,1,2,3,6,3,0,0,1,0,0
São Miguel do Anta,0,0,0,0,0,0,0,0,0,0,0,0,0,0,0,3
São Pedro do Saçuí,0,0,0,0,0,0,0,0,0,1,3,2,0,0,0,0
São Pedro do Suaçuí,0,0,0,0,0,0,1,0,0,0,0,4,0,0,0,0
São Pedro dos Ferros,0,0,0,0,0,0,0,0,0,0,0,0,0,0,2,2
São Romão,0,0,0,0,0,0,0,2,5,0,3,0,0,0,0,0
São Sebastião da Bela Vista,0,0,0,0,0,0,0,0,0,0,0,0,0,0,0,3
São Sebastião do Anta,0,0,0,0,1,0,0,0,0,0,0,0,0,0,0,0
São Sebastião do Maranhão,0,0,0,0,0,0,1,0,0,0,0,0,0,0,0,0
São Sebastião do Oeste,0,0,0,0,0,0,2,2,3,0,0,6,6,2,0,0
São Sebastião do Rio Verde,0,0,0,0,0,0,0,0,0,0,0,0,4,14,0,0
São Thomé das Letras,0,0,0,0,0,0,1,0,0,0,0,0,0,0,0,0
São Tiago,0,0,0,0,0,0,1,0,0,0,0,0,1,10,6,0
São Tomás de Aquino,0,0,0,0,0,0,0,0,0,0,0,0,0,0,0,1
São Vicente de Minas,0,0,0,0,0,0,1,0,0,0,0,0,1,10,5,0
Tabuleiro,0,0,0,0,0,0,1,2,2,7,3,0,0,1,0,0
Taiobeiras,0,0,0,0,0,0,0,0,0,0,0,0,0,0,2,2
Taparuba,0,0,0,0,0,0,0,0,0,0,0,0,3,11,0,0
Tapira,0,0,0,0,0,0,0,0,0,0,0,0,0,0,1,0
Taquaraçu de Minas,0,0,0,0,0,0,1,0,0,0,4,7,0,0,0,0
Teixeiras,0,0,0,0,0,0,1,2,3,6,3,0,0,1,0,0
Teófilo Otoni,0,0,0,3,1,1,0,0,0,0,0,0,0,0,5,2
Tiradentes,0,0,0,0,0,0,1,0,0,0,0,0,1,10,5,0
Tiros,0,0,0,0,0,0,0,0,0,0,0,0,0,3,10,4
Tocos do Moji,0,0,0,0,0,0,0,0,0,0,0,0,0,0,0,3
Toledo,0,0,0,0,0,0,1,2,2,8,3,0,0,0,0,0
Três Corações,0,0,0,0,0,0,0,0,0,0,0,0,0,0,2,2
Três Marias,0,0,0,0,0,0,0,0,0,0,0,0,0,0,0,1
Tumiritinga,0,0,0,0,0,0,0,1,0,0,0,0,0,0,0,0
Tupaciguara,0,0,0,0,0,0,0,0,0,0,0,0,0,3,10,4
Turmalina,0,0,0,0,0,1,0,2,5,0,2,0,0,0,0,0
Turvolândia,0,0,0,0,0,0,0,0,0,0,0,0,0,0,0,3
Ubaporanga,0,0,0,0,0,0,0,0,0,0,0,0,0,0,0,1
Uberaba,0,0,0,1,3,0,0,0,0,0,0,0,0,1,0,0
Uberlândia,0,3,0,2,1,0,0,0,0,0,0,0,0,0,0,0
Umburatiba,0,0,0,0,0,0,0,1,0,0,0,0,0,0,0,0
Unaí,0,0,0,0,0,1,0,0,0,0,0,0,0,0,5,2
União de Minas,0,0,0,0,0,1,0,0,0,0,0,0,0,0,5,2
Uruana de Minas,0,0,0,0,0,0,0,0,0,0,0,0,3,11,0,0
Urucânia,0,0,0,0,0,0,0,0,0,0,0,0,0,0,0,1
Vargem Alegre,0,0,0,0,0,0,0,0,0,0,0,0,0,0,2,2
Vargem Bonita,0,0,0,0,0,0,0,0,0,0,0,0,3,11,0,0
Vargem Grande do Rio Pardo,0,0,0,0,0,0,1,2,5,0,2,0,0,0,0,0
Varginha,0,0,0,1,1,0,0,0,0,0,0,0,0,0,0,0
Veredinha,0,0,0,0,0,0,1,2,5,0,2,0,0,0,0,0
Vermelho Novo,0,0,0,0,0,0,0,0,0,0,0,0,0,0,0,1
Veríssimo,0,0,0,0,0,0,0,0,0,0,0,0,0,3,9,5
Vespasiano,0,0,0,0,0,0,0,0,0,0,0,0,4,14,2,0
Vieiras,0,0,0,0,0,0,0,0,0,0,0,0,3,11,0,0
Virgem da Lapa,0,0,0,0,0,0,1,2,5,0,2,0,0,0,0,0
Virgolândia,0,0,0,0,0,0,0,0,0,0,0,0,0,0,2,2
Virgínia,0,0,0,0,0,0,0,0,0,0,0,0,4,14,2,0
Visconde do Rio Branco,0,0,0,0,0,0,1,0,0,0,0,0,1,10,5,0
Viçosa,0,0,0,0,0,0,0,0,0,0,0,0,0,0,0,1
Volta Grande,0,0,0,0,0,0,1,1,3,8,3,0,0,0,0,0
Várzea da Palma,0,0,0,0,0,0,1,2,5,0,2,0,0,0,0,0
Wenceslau Braz,0,0,0,0,0,0,2,0,0,1,3,7,0,0,0,0
Água Boa,0,0,0,0,0,0,1,2,5,0,2,0,0,0,0,0
Água Comprida,0,0,0,0,0,0,0,0,0,0,0,0,0,3,10,4
Águas Formosas,0,0,0,0,0,0,0,0,0,0,0,0,0,0,2,2
Águas Vermelhas,0,0,0,0,0,0,1,2,5,0,2,0,0,0,0,0
